artist,group,song,type,performance,year,recording,link,date_uploaded,date_accessed,transcription
ericgales,10_AA,boogie_man,cover,live,2017,live_at_the_dallas_international_guitar_show,https://www.youtube.com/watch?v=PD22H85qkEc,2017-06-07,2023-12-08,
ericgales,10_AA,foxey_lady,cover,live,2011,live_in_nyc,https://www.youtube.com/watch?v=6jzzyW-xp-o,2012-11-13,2023-12-11,
ericgales,10_AA,me_and_my_guitar,cover,live,2016,live_at_the_dallas_international_guitar_show,https://www.youtube.com/watch?v=8DgU6nZprA0,2016-06-24,2023-12-11,
ericgales,10_AA,it_just_beez_that_way,original,live,2019,live_at_the_dallas_international_guitar_show,https://www.youtube.com/watch?v=1TqFXSmoKWk,2019-05-09,2023-12-11,
ericgales,10_AA,layin_down_the_blues,original,live,2019,live_at_the_dallas_international_guitar_show,https://www.youtube.com/watch?v=mHJmk1WhpmM,2018-05-09,2023-12-11,
ericgales,10_AA,south_paw_serenade,original,live,2019,live_at_the_dallas_international_guitar_show,https://www.youtube.com/watch?v=uuQoCyN2dl0,2019-05-09,2023-12-11,
ericgales,10_AA,boogie_man,cover,studio,2017,middle_of_the_road,https://www.youtube.com/watch?v=rnGywPZu_Ri,2017-02-10,2023-12-08,done
ericgales,10_AA,foxey_lady,cover,studio,2001,thats_what_i_am,N/A,N/A,2023-12-11,done
ericgales,10_AA,me_and_my_guitar,cover,studio,2005,crystal_vision,https://www.youtube.com/watch?v=rBDTYjamhBM,2015-11-14,2023-12-11,done
ericgales,10_AA,it_just_beez_that_way,original,studio,2019,the_book_ends,https://www.youtube.com/watch?v=U9kkoYEJEhE,2019-02-08,2023-12-11,done
ericgales,10_AA,layin_down_the_blues,original,studio,2009,layin_down_the_blues,https://www.youtube.com/watch?v=mpytzeic-Xc,2015-11-14,2023-12-11,done
ericgales,10_AA,south_paw_serenade,original,studio,2019,the_book_ends,https://www.youtube.com/watch?v=5MzdL92uDhs,2019-02-08,2023-12-11,done
garyclarkjr,10_AA,if_trouble_was_money,cover,live,2014,live,https://www.youtube.com/watch?v=AzAay-lUkjM,2017-07-27,2023-12-11,
garyclarkjr,10_AA,if_you_love_me_like_you_say,cover,live,2014,live,https://www.youtube.com/watch?v=TKfTNxSzk-M,2023-02-14,2023-12-11,
garyclarkjr,10_AA,shotgun_man,cover,live,2012,live_on_kexp,https://www.youtube.com/watch?v=m8msTgCnyVo,2012-03-12,2023-12-11,
garyclarkjr,10_AA,next_door_neighbor_blues,original,live,2014,live,https://www.youtube.com/watch?v=h5niE8PbCHU,2017-07-23,2023-12-11,
garyclarkjr,10_AA,travis_county,original,live,2014,live,https://www.youtube.com/watch?v=bPOLC_Cdtg0,2014-08-26,2023-12-11,
garyclarkjr,10_AA,when_my_train_pulls_in,original,live,2014,live,https://www.youtube.com/watch?v=2XiTBuWNROk,2014-12-03,2023-12-11,
garyclarkjr,10_AA,if_trouble_was_money,cover,studio,2013,itunes_session,https://www.youtube.com/watch?v=sAAbMBzjuC0,2016-07-18,2023-12-11,done
garyclarkjr,10_AA,if_you_love_me_like_you_say,cover,studio,2012,blak_and_blu,https://www.youtube.com/watch?v=XJuA5VSj6fk,2015-10-06,2023-12-11,done
garyclarkjr,10_AA,shotgun_man,cover,studio,2001,worry_no_more,https://www.youtube.com/watch?v=WnKFL-1BCE4,2021-09-21,2023-12-11,done
garyclarkjr,10_AA,next_door_neighbor_blues,original,studio,2012,blak_and_blu,https://www.youtube.com/watch?v=H9bUS3hWDEw,2015-10-06,2023-12-11,done
garyclarkjr,10_AA,travis_county,original,studio,2012,blak_and_blu,https://www.youtube.com/watch?v=WvGHSipBaiU,2015-10-06,2023-12-11,done
garyclarkjr,10_AA,when_my_train_pulls_in,original,studio,2012,blak_and_blu,https://www.youtube.com/watch?v=gFndWoAAi1k,2015-10-06,2023-12-11,done
kingfish,10_AA,empty_promises,cover,live,2020,live_in_nashville,https://www.youtube.com/watch?v=K-nTAgOMK7w,2020-02-14,2023-12-11,
kingfish,10_AA,hard_times,cover,live,2019,live_in_reading_pennsylvania,https://www.youtube.com/watch?v=BL70XTlbdkc,2019-11-25,2023-12-11,
kingfish,10_AA,the_thrill_is_gone,cover,live,2019,live_at_clearwater_sea_blues_festival,https://www.youtube.com/watch?v=AXUi6d8hZwA,2019-03-05,2023-12-11,
kingfish,10_AA,before_im_old,original,live,2020,live_in_harrisburg_pennsylvania,https://www.youtube.com/watch?v=4l4ZrNtm81M,2020-02-29,2023-12-11,
kingfish,10_AA,fresh_out,original,live,2023,live_in_london,https://www.youtube.com/watch?v=zGKNfEtHHMM,2023-09-15,2023-12-11,
kingfish,10_AA,she_calls_me_kingfish,original,live,2023,live_in_fort_laud,https://www.youtube.com/watch?v=Req8k5v8_Yg,2023-02-19,2023-12-11,
kingfish,10_AA,empty_promises,cover,studio,2020,empty_promises,https://www.youtube.com/watch?v=x6CYdQXqGtw,2023-03-02,2023-12-11,done
kingfish,10_AA,hard_times,cover,studio,2019,kingfish,https://www.youtube.com/watch?v=_1xvxiy7vfk,2019-05-17,2023-12-11,done
kingfish,10_AA,the_thrill_is_gone,cover,studio,2018,luke_cage_season_2,https://www.youtube.com/watch?v=of5H0Wu5ios,2018-06-21,2023-12-11,done
kingfish,10_AA,before_im_old,original,studio,2019,kingfish,https://www.youtube.com/watch?v=6KWBJkv-8kM,2023-05-02,2023-12-11,done
kingfish,10_AA,fresh_out,original,studio,2019,kingfish,https://www.youtube.com/watch?v=h4PMiDF_fMQ,2019-02-20,2023-12-11,done
kingfish,10_AA,she_calls_me_kingfish,original,studio,2021,662,https://www.youtube.com/watch?v=rvDSX6oKaNg,2023-05-02,2023-12-11,done
kirkfletcher,10_AA,aint_no_way,cover,live,2019,live_at_long_beach,https://www.youtube.com/watch?v=o6yc_Xh3yXc,2020-01-03,2023-12-08,
kirkfletcher,10_AA,congo_square,cover,live,2019,live_at_long_beach,https://www.youtube.com/watch?v=iVf829TPTqU,2020-01-03,2023-12-08,
kirkfletcher,10_AA,found_love,cover,live,2014,live_at_the_baked_potato,https://www.youtube.com/watch?v=VaaxLG-2omM,2020-05-29,2023-12-08,
kirkfletcher,10_AA,gotta_right,original,live,2019,live_at_long_beach,https://www.youtube.com/watch?v=AjGa1ghz9x8,2020-01-02,2023-12-08,
kirkfletcher,10_AA,the_answer,original,live,2019,live_at_long_beach,https://www.youtube.com/watch?v=EQxa3g5rTCg,2020-01-03,2023-12-08,
kirkfletcher,10_AA,two_steps_forward,original,live,2019,live_at_long_beach,https://www.youtube.com/watch?v=wHxYnfu8A1M,2020-01-03,2023-12-08,
kirkfletcher,10_AA,aint_no_way,cover,studio,2015,my_turn,https://www.youtube.com/watch?v=xYhLn5T675Q,2015-01-20,2023-12-08,done
kirkfletcher,10_AA,congo_square,cover,studio,2015,my_turn,https://www.youtube.com/watch?v=rVgWKacpy_Y,2015-01-20,2023-12-08,done
kirkfletcher,10_AA,found_love,cover,studio,2015,my_turn,https://www.youtube.com/watch?v=A3Hz6-yODLE,2015-01-20,2023-12-08,done
kirkfletcher,10_AA,gotta_right,original,studio,2018,hold_on,https://www.youtube.com/watch?v=h_XjxE5X3xQ,2019-11-17,2023-12-08,done
kirkfletcher,10_AA,the_answer,original,studio,2018,hold_on,https://www.youtube.com/watch?v=ga0nuMJm-Ns,2018-10-22,2023-12-08,done
kirkfletcher,10_AA,two_steps_forward,original,studio,2018,hold_on,https://www.youtube.com/watch?v=jRM3M533xUU,2018-09-27,2023-12-08,done
shemekiacopeland,10_AA,cant_let_go,cover,live,2013,live_at_the_narrows_center_for_arts,https://www.youtube.com/watch?v=YT-WjzYKf_4,2013-10-06,2023-12-11,
shemekiacopeland,10_AA,has_anybody_seen_my_man,cover,live,2015,live_at_the_narrows_center_for_arts,https://www.youtube.com/watch?v=7-8LNoTEeqQ,2015-09-15,2023-12-11,
shemekiacopeland,10_AA,i_feel_a_sin_coming_on,cover,live,2015,live_at_fall_river,https://www.youtube.com/watch?v=HBuuJqzH9-g,2015-09-14,2023-12-11,
shemekiacopeland,10_AA,ghetto_child,original,live,2017,live_at_rawa_blues_festival,https://www.youtube.com/watch?v=gAedo8fciWY,2016-12-01,2023-12-11,
shemekiacopeland,10_AA,married_to_the_blues,original,live,2017,live_at_rawa_blues_festival,https://www.youtube.com/watch?v=_QeNxdCGUwo,2016-11-30,2023-12-11,
shemekiacopeland,10_AA,salt_in_my_wounds,original,live,2011,live_at_pennsylvania_blues_festival,https://www.youtube.com/watch?v=dsSx3xtbD0E,2011-08-05,2023-12-11,
shemekiacopeland,10_AA,cant_let_go,cover,studio,2012,33 1/3,https://www.youtube.com/watch?v=Pa3pB7bdXb8,2018-07-26,2023-12-11,done
shemekiacopeland,10_AA,has_anybody_seen_my_man,cover,studio,1998,turn_the_heat_up,https://www.youtube.com/watch?v=FiKZ_Aav23A,2023-05-02,2023-12-11,done
shemekiacopeland,10_AA,i_feel_a_sin_coming_on,cover,studio,2015,outskirts_of_love,https://www.youtube.com/watch?v=UHqMli0LUls,2023-05-02,2023-12-11,done
shemekiacopeland,10_AA,ghetto_child,original,studio,2011,deluxe_edition,https://www.youtube.com/watch?v=wFuz5GVwWOc,2023-05-02,2023-12-11,done
shemekiacopeland,10_AA,married_to_the_blues,original,studio,1998,turn_the_heat_up,https://www.youtube.com/watch?v=a_-zHLC688U,2023-05-02,2023-12-11,done
shemekiacopeland,10_AA,salt_in_my_wounds,original,studio,2011,deluxe_edition,https://www.youtube.com/watch?v=uf9GqPjE8yQ,2023-05-02,2023-12-11,done
daniwilde,10_nonAA_nonUS,dont_quit_me_baby,cover,live,2017,live_at_the_laboratorium,https://www.youtube.com/watch?v=F083iGgxcUM,2017-04-09,2023-12-15,
daniwilde,10_nonAA_nonUS,in_the_mood,cover,live,2019,live_at_brasserie_wenzel,https://www.youtube.com/watch?v=7MNoBXK409o,2019-11-15,2023-12-15,
daniwilde,10_nonAA_nonUS,little_by_little,cover,live,2009,live_at_village_habach,https://www.youtube.com/watch?v=TRdSR2uTVoY,2009-06-06,2023-12-15,
daniwilde,10_nonAA_nonUS,bring_your_love_home,original,live,2008,live_at_the_harmonie,https://www.youtube.com/watch?v=DVKTmSwfyfg,2023-12-03,2023-12-15,
daniwilde,10_nonAA_nonUS,come_undone,original,live,2008,live_at_the_blues_caravan,https://www.youtube.com/watch?v=pAebvt-liUs,2014-11-08,2023-12-15,
daniwilde,10_nonAA_nonUS,heal_my_blues,original,live,2008,live_at_the_blues_caravan,https://www.youtube.com/watch?v=KihEUxe0BLw,2015-08-28,2023-12-15,
daniwilde,10_nonAA_nonUS,dont_quit_me_baby,cover,studio,2017,session_at_brighton_road,https://www.youtube.com/watch?v=MGvPZF5xPli,2017-06-16,2023-12-15,done
daniwilde,10_nonAA_nonUS,in_the_mood,cover,studio,2008,heal_my_blues,https://www.youtube.com/watch?v=xnVyuSiAQiA,2014-11-06,2023-12-15,done
daniwilde,10_nonAA_nonUS,little_by_little,cover,studio,2008,heal_my_blues,https://www.youtube.com/watch?v=qAKcDHvGSTM,2014-11-08,2023-12-15,done
daniwilde,10_nonAA_nonUS,bring_your_love_home,original,studio,2008,heal_my_blues,https://www.youtube.com/watch?v=kieiddjtJvQ,2016-02-09,2023-12-15,done
daniwilde,10_nonAA_nonUS,come_undone,original,studio,2008,heal_my_blues,https://www.youtube.com/watch?v=D7BVClpP5D8,2014-11-09,2023-12-15,done
daniwilde,10_nonAA_nonUS,heal_my_blues,original,studio,2008,heal_my_blues,https://www.youtube.com/watch?v=i5tiFFMrqvg,2014-11-08,2023-12-15,done
danpatlansky,10_nonAA_nonUS,bright_lights_big_city,cover,live,2017,live_at_hrh_blues,https://www.youtube.com/watch?v=-ejSFUfKJjQ,2017-04-17,2023-12-15,
danpatlansky,10_nonAA_nonUS,preachin_blues,cover,live,2014,live_at_bluesmoose_radio,https://www.youtube.com/watch?v=UCgqEr0nvqA,2014-11-01,2023-12-15,
danpatlansky,10_nonAA_nonUS,you_upset_me_baby,cover,live,2017,live_at_a38_rocks,https://www.youtube.com/watch?v=KG6gRnMHt2Y,2018-01-23,2023-12-15,
danpatlansky,10_nonAA_nonUS,big_things_going_down,original,live,2014,live_at_bluesmoose_radio,https://www.youtube.com/watch?v=AJEX-ei2-SU,2014-11-01,2023-12-15,
danpatlansky,10_nonAA_nonUS,insufficient_man,original,live,2009,live_at_catalina_theatre,https://www.youtube.com/watch?v=EwgS8mybv18,2010-05-30,2023-12-15,
danpatlansky,10_nonAA_nonUS,snake_oil_city,original,live,2022,live_at_bluesmoose_radio,https://www.youtube.com/watch?v=3Ywk5qqXmbw,2022-04-21,2023-12-15,
danpatlansky,10_nonAA_nonUS,bright_lights_big_city,cover,studio,2013,wooden_thoughts,https://www.youtube.com/watch?v=QMhzL-Fp3MM,2018-07-20,2023-12-15,done
danpatlansky,10_nonAA_nonUS,preachin_blues,cover,studio,2013,wooden_thoughts,https://www.youtube.com/watch?v=8KpNyg0oL1M,2018-07-20,2023-12-15,done
danpatlansky,10_nonAA_nonUS,you_upset_me_baby,cover,studio,2009,move_my_soul,https://www.youtube.com/watch?v=1n8PrQVTO8M,2018-08-15,2023-12-15,done
danpatlansky,10_nonAA_nonUS,big_things_going_down,original,studio,2009,move_my_soul,https://www.youtube.com/watch?v=CQCoyXC0CdA,2018-08-15,2023-12-15,done
danpatlansky,10_nonAA_nonUS,insufficient_man,original,studio,2009,move_my_soul,https://www.youtube.com/watch?v=JtFh2GY7sbw,2018-08-15,2023-12-15,done
danpatlansky,10_nonAA_nonUS,snake_oil_city,original,studio,2021,shelter_of_bones,https://www.youtube.com/watch?v=Q66V5li-xNk,2022-02-24,2023-12-15,done
davyknowles,10_nonAA_nonUS,aint_no_grave,cover,live,2020,live_at_rams_head,https://www.youtube.com/watch?v=p0Z1niU2eco,2020-01-31,2023-12-15,
davyknowles,10_nonAA_nonUS,outside_woman_blues,cover,live,2017,live_at_lancaster_roots_and_blues_festival,https://www.youtube.com/watch?v=pRWtLKcHAR0,2017-03-13,2023-12-15,
davyknowles,10_nonAA_nonUS,what_in_the_world,cover,live,2016,live_at_the_world_cafe,https://www.youtube.com/watch?v=keJ5gKf1BeQ,2016-11-28,2023-12-15,
davyknowles,10_nonAA_nonUS,aint_much_of_nothing,original,live,2020,live_at_rams_head,https://www.youtube.com/watch?v=uCtb2YbRhmc,2020-02-01,2023-12-15,
davyknowles,10_nonAA_nonUS,falling_apart,original,live,2016,live_at_the_iridium,https://www.youtube.com/watch?v=adr3mTazsHk,2016-08-07,2023-12-15,
davyknowles,10_nonAA_nonUS,never_gonna_be_the_same,original,live,2016,live_at_the_iridium,https://www.youtube.com/watch?v=pEKVHiiWlNQ,2016-08-07,2023-12-15,
davyknowles,10_nonAA_nonUS,aint_no_grave,cover,studio,2015,the_outsider,https://www.youtube.com/watch?v=iR31rLxr5SA,2021-09-29,2023-12-15,done
davyknowles,10_nonAA_nonUS,outside_woman_blues,cover,studio,2018,roll_away,https://www.youtube.com/watch?v=1fX6qgCpMUs,2019-08-29,2023-12-15,done
davyknowles,10_nonAA_nonUS,what_in_the_world,cover,studio,2016,three_miles_from_avalon,https://www.youtube.com/watch?v=xo40LeLBewi,2017-01-20,2023-12-15,done
davyknowles,10_nonAA_nonUS,aint_much_of_nothing,original,studio,2016,three_miles_from_avalon,https://www.youtube.com/watch?v=6Y_BEVzW4kE,2019-04-09,2023-12-15,done
davyknowles,10_nonAA_nonUS,falling_apart,original,studio,2016,three_miles_from_avalon,https://www.youtube.com/watch?v=YOXSYEjb5O4,2019-04-09,2023-12-15,done
davyknowles,10_nonAA_nonUS,never_gonna_be_the_same,original,studio,2016,three_miles_from_avalon,https://www.youtube.com/watch?v=pyrQsMKoiAY,2019-04-09,2023-12-15,done
joanneshawtaylor,10_nonAA_nonUS,cant_you_see_what_youre_doing_to_me,cover,live,2022,blues_from_the_heart_live,https://www.youtube.com/watch?v=PXgBj3nT4Tg,2022-05-18,2023-12-15,
joanneshawtaylor,10_nonAA_nonUS,stop_messin_around,cover,live,2022,blues_from_the_heart_live,https://www.youtube.com/watch?v=7M-glXqF39M,2022-06-09,2023-12-15,
joanneshawtaylor,10_nonAA_nonUS,summertime,cover,live,2022,blues_from_the_heart_live,https://www.youtube.com/watch?v=nVdnzD1wCAY,2022-06-10,2023-12-15,
joanneshawtaylor,10_nonAA_nonUS,dyin_to_know,original,live,2022,blues_from_the_heart_live,https://www.youtube.com/watch?v=8eAPK1Ugp8E,2022-04-20,2023-12-15,
joanneshawtaylor,10_nonAA_nonUS,ive_been_loving_you_too_long,original,live,2022,blues_from_the_heart_live,https://www.youtube.com/watch?v=vf4DKorRxgi,2022-06-15,2023-12-15,
joanneshawtaylor,10_nonAA_nonUS,just_another_word,original,live,2022,blues_from_the_heart_live,https://www.youtube.com/watch?v=XW6oep7eili,2022-08-12,2023-12-15,
joanneshawtaylor,10_nonAA_nonUS,cant_you_see_what_youre_doing_to_me,cover,studio,2021,the_blues_album,https://www.youtube.com/watch?v=GQsrMddQNVM,2021-09-23,2023-12-15,done
joanneshawtaylor,10_nonAA_nonUS,stop_messin_around,cover,studio,2021,the_blues_album,https://www.youtube.com/watch?v=suUTCqEEF38,2021-09-23,2023-12-15,done
joanneshawtaylor,10_nonAA_nonUS,summertime,cover,studio,2016,wild_heart,https://www.youtube.com/watch?v=QKkRvGJXQYg,2018-06-07,2023-12-15,done
joanneshawtaylor,10_nonAA_nonUS,dyin_to_know,original,studio,2016,wild_heart,https://www.youtube.com/watch?v=ijXB2z-Y04Y,2016-08-22,2023-12-15,done
joanneshawtaylor,10_nonAA_nonUS,ive_been_loving_you_too_long,original,studio,2019,reckless_heart,https://www.youtube.com/watch?v=aU6b4Djwakw,2019-03-14,2023-12-15,done
joanneshawtaylor,10_nonAA_nonUS,just_another_word,original,studio,2009,white_sugar,https://www.youtube.com/watch?v=h0M4yGEkw_w,2015-02-21,2023-12-15,done
tinylegstim,10_nonAA_nonUS,death_letter,cover,live,2016,live_at_sint_jacobs,https://www.youtube.com/watch?v=etJBTFApmqQ,2016-12-21,2023-12-11,
tinylegstim,10_nonAA_nonUS,going_down_south,cover,live,2021,live_at_the_duvel_blues,https://www.youtube.com/watch?v=kj-RQqcwSPU,2021-07-18,2023-12-11,
tinylegstim,10_nonAA_nonUS,ramblin_on_my_mind,cover,live,2014,live_at_cc_de_steiger,https://www.youtube.com/watch?v=UYWiwAu6zci,2014-01-24,2023-12-11,
tinylegstim,10_nonAA_nonUS,cant_win_them_all,original,live,2016,live_at_sint_jacobs,https://www.youtube.com/watch?v=m_A6iYVAcmU,2017-11-24,2023-12-11,
tinylegstim,10_nonAA_nonUS,get_it_back,original,live,2016,live_at_sint_jacobs,https://www.youtube.com/watch?v=HrZK-p151Jo,2017-11-24,2023-12-11,
tinylegstim,10_nonAA_nonUS,stepping_up,original,live,2016,live_at_sint_jacobs,https://www.youtube.com/watch?v=i5mBN4rB0TM,2017-10-26,2023-12-11,
tinylegstim,10_nonAA_nonUS,death_letter,cover,studio,2017,melodium_rag,https://www.youtube.com/watch?v=OGqv9kT5ipi,2018-11-10,2023-12-11,done
tinylegstim,10_nonAA_nonUS,going_down_south,cover,studio,2020,call_us_when_its_over,https://www.youtube.com/watch?v=QM_65UV_-Si,2020-09-25,2023-12-11,done
tinylegstim,10_nonAA_nonUS,ramblin_on_my_mind,cover,studio,2015,one_man_blues,https://www.youtube.com/watch?v=o4uU34ar5Zg,2023-06-30,2023-12-11,done
tinylegstim,10_nonAA_nonUS,cant_win_them_all,original,studio,2013,tlt,https://www.youtube.com/watch?v=8aAmYmZT4Js,2019-03-15,2023-12-11,done
tinylegstim,10_nonAA_nonUS,get_it_back,original,studio,2015,stepping_up,https://www.youtube.com/watch?v=hk2qG6qLhy4,2018-11-10,2023-12-11,done
tinylegstim,10_nonAA_nonUS,stepping_up,original,studio,2015,stepping_up,https://www.youtube.com/watch?v=ive3Ekgqgxo,2018-11-10,2023-12-11,done
allyvenable,10_nonAA_US,backwater_blues,cover,live,2021,live_at_the_hot_august_music_festival,https://www.youtube.com/watch?v=jVFTpRiMQAk,2021-08-29,2023-12-14,
allyvenable,10_nonAA_US,messin_with_the_kid,cover,live,2018,live_at_stanhope_house,https://www.youtube.com/watch?v=2nzjdvUHA1i,2018-10-08,2023-12-14,
allyvenable,10_nonAA_US,woke_up_this_morning,cover,live,2017,live_at_the_dallas_international_guitar_show,https://www.youtube.com/watch?v=ZcwFFbzH8ps,2017-06-11,2023-12-14,
allyvenable,10_nonAA_US,any_fool_should_know,original,live,2023,live_at_the_granada_theatre,https://www.youtube.com/watch?v=3-qNghOf7CM,2023-04-11,2023-12-14,
allyvenable,10_nonAA_US,broken_and_blue,original,live,2023,live_at_the_granada_theatre,https://www.youtube.com/watch?v=9qF4wBPX-QU,2023-04-11,2023-12-14,
allyvenable,10_nonAA_US,played_the_game,original,live,2021,live_at_the_dallas_international_guitar_show,https://www.youtube.com/watch?v=AD36kARY12c,2021-05-10,2023-12-14,
allyvenable,10_nonAA_US,backwater_blues,cover,studio,2018,puppet_show,https://www.youtube.com/watch?v=Shq0pBhiGaQ,2019-04-12,2023-12-14,done
allyvenable,10_nonAA_US,messin_with_the_kid,cover,studio,2016,no_glass_shoes,https://www.youtube.com/watch?v=2z_T2Gj8kkA,2016-08-02,2023-12-14,done
allyvenable,10_nonAA_US,woke_up_this_morning,cover,studio,2016,no_glass_shoes,https://www.youtube.com/watch?v=ya-d4tjNCVE,2016-08-02,2023-12-14,done
allyvenable,10_nonAA_US,any_fool_should_know,original,studio,2023,real_gone,https://www.youtube.com/watch?v=CgB0CEL_wV0,2023-03-23,2023-12-14,done
allyvenable,10_nonAA_US,broken_and_blue,original,studio,2023,real_gone,https://www.youtube.com/watch?v=PPfHBHEp3Pk,2023-03-23,2023-12-14,done
allyvenable,10_nonAA_US,played_the_game,original,studio,2021,heart_of_fire,https://www.youtube.com/watch?v=GkL_c7q5YYc,2021-02-25,2023-12-14,done
joebonamassa,10_nonAA_US,i_want_to_shout_about_it,cover,live,2023,live_in_saint_augustine,https://www.youtube.com/watch?v=jdyJ5j2PrN0,2023-03-12,2023-12-13,
joebonamassa,10_nonAA_US,twenty_four_hour_blues,cover,live,2023,live_at_the_hollywood_bowl,https://www.youtube.com/watch?v=RSJ3ibaD-Mi,2023-08-11,2023-12-13,
joebonamassa,10_nonAA_US,well_i_done_got_over_it,cover,live,2023,live_in_springfield,https://www.youtube.com/watch?v=z6P8JF-lpNo,2023-11-26,2023-12-13,
joebonamassa,10_nonAA_US,high_class_girl,original,live,2021,live_from_the_ryman,https://www.youtube.com/watch?v=gEJrP5XTanU,2021-04-09,2023-12-14,
joebonamassa,10_nonAA_US,lonesome_road_blues,original,live,2018,live_from_the_royal_albert_hall,https://www.youtube.com/watch?v=tDkriU971p8,2019-09-18,2023-12-14,
joebonamassa,10_nonAA_US,royal_tea,original,live,2021,live_from_the_ryman,https://www.youtube.com/watch?v=lUyURllbd1w,2021-06-10,2023-12-14,
joebonamassa,10_nonAA_US,i_want_to_shout_about_it,cover,studio,2023,blues_deluxe_vol_2,https://www.youtube.com/watch?v=iW7rKANgBBM,2023-05-19,2023-12-13,done
joebonamassa,10_nonAA_US,twenty_four_hour_blues,cover,studio,2023,blues_deluxe_vol_2,https://www.youtube.com/watch?v=iKH_jK_9TF8,2023-06-16,2023-12-13,done
joebonamassa,10_nonAA_US,well_i_done_got_over_it,cover,studio,2023,blues_deluxe_vol_2,https://www.youtube.com/watch?v=ixujU3KQEtA,2023-07-14,2023-12-13,done
joebonamassa,10_nonAA_US,high_class_girl,original,studio,2020,royal_tea,https://www.youtube.com/watch?v=kGC9bg6Rsvc,2020-10-22,2023-12-14,done
joebonamassa,10_nonAA_US,lonesome_road_blues,original,studio,2009,the_ballad_of_john_henry,https://www.youtube.com/watch?v=Bsu-NTb9p9M,2014-11-08,2023-12-14,done
joebonamassa,10_nonAA_US,royal_tea,original,studio,2020,royal_tea,https://www.youtube.com/watch?v=G9z5iVNGeRA,2020-10-02,2023-12-14,done
mattschofield,10_nonAA_US,stranger_blues,cover,live,2011,live_at_the_jakarta_blues_festival,https://www.youtube.com/watch?v=6CyrMYpmHEU,2011-05-17,2023-12-11,
mattschofield,10_nonAA_US,woman_across_the_river,cover,live,2016,live_in_las_vegas,https://www.youtube.com/watch?v=kNZy4mONNTi,2016-08-15,2023-12-11,
mattschofield,10_nonAA_US,wrapped_up_in_love_again,cover,live,2015,live_at_western_maryland_blues_festival,https://www.youtube.com/watch?v=l74FaYp8NrQ,2015-03-31,2023-12-11,
mattschofield,10_nonAA_US,dont_know_what_id_do,original,live,2019,live_at_stran_palato,https://www.youtube.com/watch?v=7ahgWeqwgJw,2019-02-25,2023-12-11,
mattschofield,10_nonAA_US,siftin_through_ashes,original,live,2019,live_at_stran_palato,https://www.youtube.com/watch?v=LihbjFcsY90,2019-02-25,2023-12-11,
mattschofield,10_nonAA_US,what_i_wanna_hear,original,live,2019,live_at_stran_palato,https://www.youtube.com/watch?v=rxqbccPrqDA,2019-02-25,2023-12-11,
mattschofield,10_nonAA_US,stranger_blues,cover,studio,2009,heads_tales_and_aces,N/A,N/A,2023-12-11,done
mattschofield,10_nonAA_US,woman_across_the_river,cover,studio,2009,heads_tales_and_aces,https://www.youtube.com/watch?v=UObdqjJ8P6s,2023-05-01,2023-12-11,done
mattschofield,10_nonAA_US,wrapped_up_in_love_again,cover,studio,2011,anything_but_time,N/A,N/A,2023-12-11,done
mattschofield,10_nonAA_US,dont_know_what_id_do,original,studio,2011,anything_but_time,https://www.youtube.com/watch?v=qzcAu-HHbGQ,2011-09-21,2023-12-11,done
mattschofield,10_nonAA_US,siftin_through_ashes,original,studio,2005,siftin_thru_ashes,N/A,N/A,2023-12-11,done
mattschofield,10_nonAA_US,what_i_wanna_hear,original,studio,2009,heads_tales_and_aces,https://www.youtube.com/watch?v=yGbbO8HUEZi,2019-02-25,2023-12-11,done
philipsayce,10_nonAA_US,backwater_blues,cover,live,2017,live_at_the_arcadia,https://www.youtube.com/watch?v=UwEHwZwS82Y,2017-11-12,2023-12-13,
philipsayce,10_nonAA_US,blues_aint_nothing_but,cover,live,2018,live_at_maui_sugar_mill,https://www.youtube.com/watch?v=7DZek_KtkaY,2019-01-02,2023-12-13,
philipsayce,10_nonAA_US,give_me_time,cover,live,2018,live_at_maui_sugar_mill,https://www.youtube.com/watch?v=OFgyyDzMT28,2019-01-02,2023-12-13,
philipsayce,10_nonAA_US,bitter_monday,original,live,2018,live_at_maui_sugar_mill,https://www.youtube.com/watch?v=yORl1DKaw28,2019-01-02,2023-12-13,
philipsayce,10_nonAA_US,morning_star,original,live,2008,live_at_ymctv,https://www.youtube.com/watch?v=jn431qmBuPi,2012-10-12,2023-12-13,
philipsayce,10_nonAA_US,on_the_road_again,original,live,2019,live_at_wayne_pennsylvania,https://www.youtube.com/watch?v=i_h5lcA4Xi0,2019-09-07,2023-12-13,
philipsayce,10_nonAA_US,backwater_blues,cover,studio,1997,philip_sayce_group,https://www.youtube.com/watch?v=dE_hTEieZJY,2015-05-28,2023-12-13,done
philipsayce,10_nonAA_US,blues_aint_nothing_but,cover,studio,2015,influence,https://www.youtube.com/watch?v=5mQenJn-trc,2022-06-27,2023-12-13,done
philipsayce,10_nonAA_US,give_me_time,cover,studio,2020,spirits_rising,https://www.youtube.com/watch?v=QFxbCc1DiH0,2020-04-23,2023-12-13,done
philipsayce,10_nonAA_US,bitter_monday,original,studio,2010,innerevolution,https://www.youtube.com/watch?v=RChyw7GBDB4,2010-05-13,2023-12-13,done
philipsayce,10_nonAA_US,morning_star,original,studio,2012,peace_machine,https://www.youtube.com/watch?v=31jOPB1Mx1U,2020-02-17,2023-12-13,done
philipsayce,10_nonAA_US,on_the_road_again,original,studio,2015,influence,https://www.youtube.com/watch?v=a0-eYe8seVs,2022-06-27,2023-12-13,done
samanthafish,10_nonAA_US,crow_jane,cover,live,2017,live_at_the_cutting_room,https://www.youtube.com/watch?v=UPjSsvj6mlg,2017-12-20,2023-12-14,
samanthafish,10_nonAA_US,jim_lee_blues_part_i,cover,live,2017,live_at_the_highline_ballroom,https://www.youtube.com/watch?v=OM82KcpLPYo,2017-04-15,2023-12-14,
samanthafish,10_nonAA_US,whos_been_talking,cover,live,2016,live_at_callahan,https://www.youtube.com/watch?v=ireV7tf3co8,2016-07-29,2023-12-14,
samanthafish,10_nonAA_US,black_wind_howling,original,live,2014,live_at_don_odells,https://www.youtube.com/watch?v=eFoj4Pp_5bU,2014-04-29,2023-12-14,
samanthafish,10_nonAA_US,lets_have_some_fun,original,live,2016,live_at_fairfield_theatre_company,https://www.youtube.com/watch?v=cOgTZrlz2aY,2016-02-14,2023-12-14,
samanthafish,10_nonAA_US,sucker_born,original,live,2014,live_at_don_odells,https://www.youtube.com/watch?v=w929i0urXlo,2014-05-02,2023-12-14,
samanthafish,10_nonAA_US,crow_jane,cover,studio,2017,chills_and_fever,https://www.youtube.com/watch?v=Pkb2tZDTeQQ,2017-02-07,2023-12-14,done
samanthafish,10_nonAA_US,jim_lee_blues_part_i,cover,studio,2015,wild_heart,https://www.youtube.com/watch?v=sfiO3iUCfyM,2015-12-18,2023-12-14,done
samanthafish,10_nonAA_US,whos_been_talking,cover,studio,2013,black_wind_howlin,https://www.youtube.com/watch?v=ZtXOWX-Phig,2015-12-17,2023-12-14,done
samanthafish,10_nonAA_US,black_wind_howling,original,studio,2013,black_wind_howlin,https://www.youtube.com/watch?v=pCUsZdihsjw,2015-12-18,2023-12-14,done
samanthafish,10_nonAA_US,lets_have_some_fun,original,studio,2013,black_wind_howlin,https://www.youtube.com/watch?v=uNZi61az_qE,2015-12-19,2023-12-14,done
samanthafish,10_nonAA_US,sucker_born,original,studio,2013,black_wind_howlin,https://www.youtube.com/watch?v=QQSWweaZm_w,2015-12-16,2023-12-14,done
albertking,60_AA,as_the_years_go_passing_by,cover,live,1969,live_69,https://www.youtube.com/watch?v=8alufsLJPHo,2014-11-08,2023-01-19,done
albertking,60_AA,crosscut_saw,cover,live,1969,live_69,https://www.youtube.com/watch?v=ygoOqAvwGFw,2014-11-08,2023-01-19,done
albertking,60_AA,ill_play_the_blues_for_you,cover,live,1972,live_at_the_los_angeles_memorial_coliseum,https://www.youtube.com/watch?v=eqakBWGScY4,2019-06-29,2023-06-14,done
albertking,60_AA,ive_made_nights_by_myself,original,live,1968,thursday_night_in_san_fransisco,https://www.youtube.com/watch?v=TQ4LO1J-M3E,2012-02-24,2023-01-19,done
albertking,60_AA,oh_pretty_woman,original,live,1970,live_at_the_fillmore_east,https://www.youtube.com/watch?v=Hw-kPkdrajU,2010-12-29,2023-06-14,done
albertking,60_AA,personal_manager,original,live,1969,live_69,https://www.youtube.com/watch?v=MyFf0GS8Y-U,2014-11-08,2023-01-19,done
albertking,60_AA,as_the_years_go_passing_by,cover,studio,1967,born_under_a_bad_sign,https://www.youtube.com/watch?v=b3Gxg3cEcKU,2012-12-15,2023-06-14,done
albertking,60_AA,crosscut_saw,cover,studio,1967,born_under_a_bad_sign,https://www.youtube.com/watch?v=wUBMJk3syzi,2008-06-11,2023-06-14,done
albertking,60_AA,ill_play_the_blues_for_you,cover,studio,1972,ill_play_the_blues_for_you,https://www.youtube.com/watch?v=aZ26D0kjau0,2019-01-10,2023-06-14,done
albertking,60_AA,ive_made_nights_by_myself,original,studio,1962,single,https://www.youtube.com/watch?v=gAieYS8zWKo,2015-07-04,2023-06-14,done
albertking,60_AA,oh_pretty_woman,original,studio,1967,born_under_a_bad_sign,https://www.youtube.com/watch?v=PzhQfU1tYh4,2018-08-05,2023-06-14,done
albertking,60_AA,personal_manager,original,studio,1967,born_under_a_bad_sign,https://www.youtube.com/watch?v=SwyASx4TkkA,2013-09-23,2023-06-14,done
bbking,60_AA,everyday_i_have_the_blues,cover,live,1964,live_at_the_regal,https://www.youtube.com/watch?v=sl9tGmg4p88,2018-12-12,2023-01-10,done
bbking,60_AA,how_blue_can_you_get,cover,live,1964,live_at_the_regal,https://www.youtube.com/watch?v=5LSd1KO8a68,2018-12-12,2023-01-10,done
bbking,60_AA,sweet_little_angel,cover,live,1964,live_at_the_regal,https://www.youtube.com/watch?v=RYKYMUFestk,2018-12-12,2023-01-10,done
bbking,60_AA,please_love_me,original,live,1964,live_at_the_regal,https://www.youtube.com/watch?v=TMmPsMNij2E,2018-12-12,2023-01-10,done
bbking,60_AA,worry_worry,original,live,1964,live_at_the_regal,https://www.youtube.com/watch?v=aZPpXhiOZnU,2018-12-12,2023-01-10,done
bbking,60_AA,you_done_lost_your_good_thing_now,original,live,1964,live_at_the_regal,https://www.youtube.com/watch?v=F--NO5Dfer4,2018-12-12,2023-01-10,done
bbking,60_AA,everyday_i_have_the_blues,cover,studio,1957,singin_the_blues,https://www.youtube.com/watch?v=LQCjf4clHME,2022-05-08,2023-06-14,done
bbking,60_AA,how_blue_can_you_get,cover,studio,1963,blues_in_my_heart,https://www.youtube.com/watch?v=oPpiBKautlE,2020-04-11,2023-06-14,done
bbking,60_AA,sweet_little_angel,cover,studio,1957,singin_the_blues,https://www.youtube.com/watch?v=3VhQb-HuaVA,2022-05-08,2023-06-14,done
bbking,60_AA,please_love_me,original,studio,1957,singin_the_blues,https://www.youtube.com/watch?v=oMOrBUXF1-4,2022-05-08,2023-06-14,done
bbking,60_AA,worry_worry,original,studio,1959,single,https://www.youtube.com/watch?v=WjbhKejHK8k,2015-08-23,2023-06-14,done
bbking,60_AA,you_done_lost_your_good_thing_now,original,studio,1961,my_kind_of_blues,https://www.youtube.com/watch?v=hTy0H6pDepE,2016-11-16,2023-06-14,done
freddieking,60_AA,aint_no_sunshine,cover,live,1973,live_in_stockholm,https://www.youtube.com/watch?v=C-1Z3KAp_LU,N/A,2023-02-14,done
freddieking,60_AA,big_legged_woman,cover,live,1973,live_in_stockholm,https://www.youtube.com/watch?v=NBjop66Kogw,N/A,2023-02-14,done
freddieking,60_AA,going_down,cover,live,1972,live_at_the_sugarbowl,https://www.youtube.com/watch?v=Pbe37tsuq0M,2022-05-30,2023-02-14,done
freddieking,60_AA,have_you_ever_loved_a_woman,original,live,1973,live_in_stockholm,https://www.youtube.com/watch?v=rnf3Xy01Uik,N/A,2023-02-14,done
freddieking,60_AA,i_love_the_woman,original,live,1966,the_beat_tv_show,https://www.youtube.com/watch?v=SA2wZYP5xCE,2014-01-18,2023-06-14,done
freddieking,60_AA,im_tore_down,original,live,1972,live_at_the_sugarbowl,https://www.youtube.com/watch?v=L4lV1OKu7v4,2022-05-30,2023-02-14,done
freddieking,60_AA,aint_no_sunshine,cover,studio,1972,texas_cannonball,https://www.youtube.com/watch?v=W4sXl8z2b0i,2020-05-13,2023-06-14,done
freddieking,60_AA,big_legged_woman,cover,studio,1972,texas_cannonball,https://www.youtube.com/watch?v=xF4Dyt2t7XY,2020-05-13,2023-06-14,done
freddieking,60_AA,going_down,cover,studio,1971,getting_ready_world,https://www.youtube.com/watch?v=RCS13zpvF9k,2013-03-31,2023-06-14,done
freddieking,60_AA,have_you_ever_loved_a_woman,original,studio,1961,freddie_king_sings,https://www.youtube.com/watch?v=h-Zo7ijWlz0,2010-06-02,2023-06-14,done
freddieking,60_AA,i_love_the_woman,original,studio,1961,freddie_king_sings,https://www.youtube.com/watch?v=kS3iVXFB71U,2020-03-05,2023-06-14,done
freddieking,60_AA,im_tore_down,original,studio,1971,getting_ready_world,https://www.youtube.com/watch?v=YB52eLfirFA,2017-03-31,2023-06-14,done
jimihendrix,60_AA,catfish_blues,cover,live,1967,live_in_stockholm,https://www.youtube.com/watch?v=ovieyGdSaig,2015-08-09,2023-06-14,done
jimihendrix,60_AA,hey_joe,cover,live,1969,live_at_woodstock,https://www.youtube.com/watch?v=wfx19ngj-VM,2015-07-28,2023-02-01,done
jimihendrix,60_AA,killing_floor,cover,live,1967,live_at_monterey,https://www.youtube.com/watch?v=KmclMPL4eQw,2014-11-08,2023-06-21,done
jimihendrix,60_AA,hear_my_train_a_comin,original,live,1969,live_at_woodstock,https://www.youtube.com/watch?v=i2vxoWbUG-k,2015-07-28,2023-02-01,done
jimihendrix,60_AA,red_house,original,live,1969,live_at_woodstock,https://www.youtube.com/watch?v=golnYBg_iGE,2015-07-28,2023-02-01,done
jimihendrix,60_AA,voodoo_child,original,live,1969,live_at_woodstock,https://www.youtube.com/watch?v=cvfQ4WPQdlk,2015-07-28,2023-02-01,done
jimihendrix,60_AA,catfish_blues,cover,studio,1967,radio_one,https://www.youtube.com/watch?v=Ho0bfLnAXPs,2014-11-06,2023-06-14,done
jimihendrix,60_AA,hey_joe,cover,studio,1966,single,https://www.youtube.com/watch?v=rXwMrBb2x1Q,2013-02-26,2023-06-14,done
jimihendrix,60_AA,killing_floor,cover,studio,1967,bbc_sessions,https://www.youtube.com/watch?v=Y1mX9Y9pp5w,2014-11-08,2023-06-21,done
jimihendrix,60_AA,hear_my_train_a_comin,original,studio,1969,both_sides_of_the_sky,https://www.youtube.com/watch?v=myifiXG1WUA,2018-02-15,2023-06-14,done
jimihendrix,60_AA,red_house,original,studio,1967,are_you_experienced,https://www.youtube.com/watch?v=_whi9m0SFys,2018-10-16,2023-06-14,done
jimihendrix,60_AA,voodoo_child,original,studio,1968,electric_ladyland,https://www.youtube.com/watch?v=DLGl8Oc484Q,2018-10-16,2023-06-14,done
muddywaters,60_AA,baby_please_dont_go,cover,live,1960,muddy_waters_at_newport,https://www.youtube.com/watch?v=J4i1xOFQggU,2017-04-21,2023-01-24,done
muddywaters,60_AA,i_feel_so_good,cover,live,1960,muddy_waters_at_newport,https://www.youtube.com/watch?v=M91YxEmAK9U,2017-04-21,2023-01-24,done
muddywaters,60_AA,rollin_stone,cover,live,1960,muddy_waters_at_newport,https://www.youtube.com/watch?v=bnsw4sySaxw,2014-09-26,2023-01-24,done
muddywaters,60_AA,i_got_my_brand_on_you,original,live,1960,muddy_waters_at_newport,https://www.youtube.com/watch?v=KYfnMZkJHCE,2017-04-21,2023-01-24,done
muddywaters,60_AA,ive_got_my_mojo_working,original,live,1960,muddy_waters_at_newport,https://www.youtube.com/watch?v=SM_86-k2h9o,2017-04-21,2023-01-24,done
muddywaters,60_AA,tiger_in_your_tank,original,live,1960,muddy_waters_at_newport,https://www.youtube.com/watch?v=fq7Mkx8l1T8,2017-04-21,2023-01-24,done
muddywaters,60_AA,baby_please_dont_go,cover,studio,1953,single,https://www.youtube.com/watch?v=_EOwNitKOyo,2010-04-05,2023-06-14,done
muddywaters,60_AA,i_feel_so_good,cover,studio,1960,muddy_waters_sings_big_bill,https://www.youtube.com/watch?v=msCNnLXCPd4,2018-07-31,2023-06-14,done
muddywaters,60_AA,rollin_stone,cover,studio,1950,single,https://www.youtube.com/watch?v=4T2hygHu8Ci,2009-01-07,2023-06-14,done
muddywaters,60_AA,i_got_my_brand_on_you,original,studio,1960,single,https://www.youtube.com/watch?v=5TlB7yBMLRQ,2011-01-07,2023-06-21,done
muddywaters,60_AA,ive_got_my_mojo_working,original,studio,1956,single,https://www.youtube.com/watch?v=-SBmury81Ws,2012-11-19,2023-06-14,done
muddywaters,60_AA,tiger_in_your_tank,original,studio,1960,single,https://www.youtube.com/watch?v=RMU7Ky-Vg1A,2014-11-08,2023-06-14,done
cream,60_nonAA_nonUS,born_under_a_bad_sign,cover,live,1968,bbc_sessions,https://www.youtube.com/watch?v=mG6rR52jDXw,2019-12-12,2023-09-11,
cream,60_nonAA_nonUS,im_so_glad,cover,live,1968,live_at_the_forum,https://www.youtube.com/watch?v=dEEt5LuM9-0,2020-03-05,2023-04-11,
cream,60_nonAA_nonUS,sitting_on_top_of_the_world,cover,live,1968,live_at_the_forum,https://www.youtube.com/watch?v=Jt76lreLMWM,2020-03-05,2023-04-11,
cream,60_nonAA_nonUS,politician,original,live,1968,live_at_the_forum,https://www.youtube.com/watch?v=JNtKNTCY5pg,2020-03-05,2023-04-11,
cream,60_nonAA_nonUS,sunshine_of_your_love,original,live,1968,live_at_the_forum,https://www.youtube.com/watch?v=a_dhhkv0_uw,2020-03-05,2023-04-11,
cream,60_nonAA_nonUS,white_room,original,live,1968,live_at_the_forum,https://www.youtube.com/watch?v=2WBiVNDCJ1i,2020-03-05,2023-04-11,
cream,60_nonAA_nonUS,born_under_a_bad_sign,cover,studio,1966,wheels_of_fire,https://www.youtube.com/watch?v=f1pzXJuvdAY,2009-05-13,2023-09-11,done
cream,60_nonAA_nonUS,im_so_glad,cover,studio,1966,fresh_cream,https://www.youtube.com/watch?v=_hSiqy9v9FM,2018-07-28,2023-06-22,done
cream,60_nonAA_nonUS,sitting_on_top_of_the_world,cover,studio,1968,wheels_of_fire,https://www.youtube.com/watch?v=QyyFHmNtwiU,2018-06-26,2023-06-22,done
cream,60_nonAA_nonUS,politician,original,studio,1968,wheels_of_fire,https://www.youtube.com/watch?v=WOPDzD_P9gg,2018-06-26,2023-06-22,done
cream,60_nonAA_nonUS,sunshine_of_your_love,original,studio,1967,disraeli_gears,https://www.youtube.com/watch?v=f3y8jf01UY8,2018-12-12,2023-06-22,done
cream,60_nonAA_nonUS,white_room,original,studio,1968,wheels_of_fire,https://www.youtube.com/watch?v=ond4Wp9nPhM,2018-06-26,2023-06-22,done
fleetwoodmac,60_nonAA_nonUS,dust_my_broom,cover,live,1968,live_in_paris,https://www.youtube.com/watch?v=T_2CPywLinc,2011-10-09,2023-09-26,
fleetwoodmac,60_nonAA_nonUS,no_place_to_go,cover,live,1967,live_at_the_marquee_club_london,https://www.youtube.com/watch?v=x_qriwsm0H8,2014-12-21,2023-09-26,
fleetwoodmac,60_nonAA_nonUS,sun_is_shining,cover,live,1968,before_the_beginning,https://www.youtube.com/watch?v=BzARnMo7XQA,2019-11-30,2023-09-26,
fleetwoodmac,60_nonAA_nonUS,black_magic_woman,original,live,1970,live_at_the_boston_tea_party,https://www.youtube.com/watch?v=hRu7Pt42x6Y,2011-09-18,2023-09-26,
fleetwoodmac,60_nonAA_nonUS,merry_go_round,original,live,1969,live_in_amsterdam,https://www.youtube.com/watch?v=i3bRWQNwDf0,2013-07-19,2023-09-26,
fleetwoodmac,60_nonAA_nonUS,stop_messin_around,original,live,1968,live_at_the_bbc,https://www.youtube.com/watch?v=nd-0VzULi6U,2023-05-21,2023-09-26,
fleetwoodmac,60_nonAA_nonUS,dust_my_broom,cover,studio,1968,mr_wonderful,https://www.youtube.com/watch?v=0ZkDQZr7aOY,2016-04-08,2023-09-26,done
fleetwoodmac,60_nonAA_nonUS,no_place_to_go,cover,studio,1968,fleetwood_mac,https://www.youtube.com/watch?v=98iNshKC75Y,2022-12-06,2023-09-26,done
fleetwoodmac,60_nonAA_nonUS,sun_is_shining,cover,studio,1968,fleetwood_mac,https://www.youtube.com/watch?v=kPBiB1-HSsU,2010-12-01,2023-09-26,done
fleetwoodmac,60_nonAA_nonUS,black_magic_woman,original,studio,1968,english_rose,https://www.youtube.com/watch?v=Gw5nh3_rq6g,2017-02-18,2023-09-26,done
fleetwoodmac,60_nonAA_nonUS,merry_go_round,original,studio,1968,fleetwood_mac,https://www.youtube.com/watch?v=7Khxpvq1-O4,2010-06-01,2023-09-26,done
fleetwoodmac,60_nonAA_nonUS,stop_messing_around,original,studio,1968,mr_wonderful,https://www.youtube.com/watch?v=pVbwJzQJnW8,2017-02-18,2023-09-26,done
rollingstones,60_nonAA_nonUS,i_just_want_to_make_love_to_you,cover,live,1964,saturday_club,https://www.youtube.com/watch?v=Lr0q0zlrZXM,2019-01-10,2023-10-09,
rollingstones,60_nonAA_nonUS,little_red_rooster,cover,live,1965,live_1965_music_from_charlie_is_my_darling,https://www.youtube.com/watch?v=8tUMeD-hrMM,2018-07-26,2023-10-09,
rollingstones,60_nonAA_nonUS,you_gotta_move,cover,live,1969,get_yer_ya_yas_out,https://www.youtube.com/watch?v=58nT88kHj8Y,2018-07-26,2023-10-09,
rollingstones,60_nonAA_nonUS,little_by_little,original,live,1964,the_joe_loss_pop_show,https://www.youtube.com/watch?v=iJ64UHlMfDE,2019-01-11,2023-10-09,
rollingstones,60_nonAA_nonUS,midnight_rambler,original,live,1969,live_from_madison_square_garden,https://www.youtube.com/watch?v=jXadHg9DOzs,2018-12-27,2023-10-09,
rollingstones,60_nonAA_nonUS,the_spider_and_the_fly,original,live,1965,out_of_our_heads,https://www.youtube.com/watch?v=TahNdsiCiYk,2019-01-10,2023-10-10,
rollingstones,60_nonAA_nonUS,i_just_want_to_make_love_to_you,cover,studio,1964,the_rolling_stones,https://www.youtube.com/watch?v=idT9zlGk0y0,2019-01-10,2023-10-09,done
rollingstones,60_nonAA_nonUS,little_red_rooster,cover,studio,1965,now,https://www.youtube.com/watch?v=Pv1qTALRiD0,2017-04-04,2023-10-09,done
rollingstones,60_nonAA_nonUS,you_gotta_move,cover,studio,1965,sticky_fingers,https://www.youtube.com/watch?v=mUCoQryE7-k,2010-03-18,2023-10-09,done
rollingstones,60_nonAA_nonUS,little_by_little,original,studio,1964,the_rolling_stones,https://www.youtube.com/watch?v=aEjFDJQiprk,2019-01-10,2023-10-09,done
rollingstones,60_nonAA_nonUS,midnight_rambler,original,studio,1969,let_it_bleed,https://www.youtube.com/watch?v=Xzn9UFFVkqg,2015-11-13,2023-10-09,done
rollingstones,60_nonAA_nonUS,the_spider_and_the_fly,original,studio,1965,yeah_yeah,https://www.youtube.com/watch?v=l9hHm78qKbQ,2018-07-11,2023-10-10,done
savoybrown,60_nonAA_nonUS,mr_downchild,cover,live,1968,live_on_air,https://www.youtube.com/watch?v=fokjv0fEcck,2022-01-28,2023-10-10,
savoybrown,60_nonAA_nonUS,rock_me_baby,cover,live,1971,live_at_the_kinetic_playground,https://www.youtube.com/watch?v=Bc4dnESxfei,2011-05-01,2023-10-10,
savoybrown,60_nonAA_nonUS,walking_by_myself,cover,live,1968,live_on_air,https://www.youtube.com/watch?v=-NPqlgSQrz0,2022-01-28,2023-10-10,done
savoybrown,60_nonAA_nonUS,a_little_more_wine,original,live,1969,hellbound_train_live,https://www.youtube.com/watch?v=hBiJy8_1iOo,2021-07-21,2023-10-10,done
savoybrown,60_nonAA_nonUS,hard_way_to_go,original,live,1969,hellbound_train_live,https://www.youtube.com/watch?v=Zx-UvQivrjU,2021-07-21,2023-10-10,
savoybrown,60_nonAA_nonUS,im_tired,original,live,1969,hellbound_train_live,https://www.youtube.com/watch?v=XOnGrKTm2fw,2021-07-21,2023-10-10,
savoybrown,60_nonAA_nonUS,mr_downchild,cover,studio,1968,getting_to_the_point,https://www.youtube.com/watch?v=NJVHwMS_ueM,2012-02-10,2023-10-10,done
savoybrown,60_nonAA_nonUS,rock_me_baby,cover,studio,1968,shake_down,https://www.youtube.com/watch?v=tT6-lGGO7Eg,2009-05-28,2023-10-10,done
savoybrown,60_nonAA_nonUS,walking_by_myself,cover,studio,1968,getting_to_the_point,https://www.youtube.com/watch?v=gg1D6WyRRWs,2022-11-13,2023-10-10,done
savoybrown,60_nonAA_nonUS,a_little_more_wine,original,studio,1970,raw_sienna,https://www.youtube.com/watch?v=HgWbSNQUQiw,2022-07-19,2023-10-10,done
savoybrown,60_nonAA_nonUS,hard_way_to_go,original,studio,1970,raw_sienna,https://www.youtube.com/watch?v=vr9Seiwvio0,2016-07-04,2023-10-10,done
savoybrown,60_nonAA_nonUS,im_tired,original,studio,1969,where_am_i,https://www.youtube.com/watch?v=cxzzmBoNMMA,2018-11-12,2023-10-10,done
tenyearsafter,60_nonAA_nonUS,help_me,cover,live,1970,live_at_the_fillmore_east,https://www.youtube.com/watch?v=64Lletbhnz8,2022-06-21,2023-10-12,
tenyearsafter,60_nonAA_nonUS,i_woke_up_this_morning,cover,live,1970,live_at_the_fillmore_east,https://www.youtube.com/watch?v=FC_fTxC2ElM,2022-06-21,2023-10-12,
tenyearsafter,60_nonAA_nonUS,spoonful,cover,live,1970,live_at_the_fillmore_east,https://www.youtube.com/watch?v=6ipyWTCPcuU,2022-06-21,2023-10-12,
tenyearsafter,60_nonAA_nonUS,one_of_these_days,original,live,1971,endless_highway,https://www.youtube.com/watch?v=i0Jw4OjF3Qc,2023-04-05,2023-10-12,
tenyearsafter,60_nonAA_nonUS,rock_your_mama,original,live,1968,undead,https://www.youtube.com/watch?v=c3n81EdRoi0,2018-08-24,2023-10-12,
tenyearsafter,60_nonAA_nonUS,spider_in_my_web,original,live,1968,undead,https://www.youtube.com/watch?v=D40h4u7As6c,2018-07-26,2023-10-12,
tenyearsafter,60_nonAA_nonUS,help_me,cover,studio,1967,ten_years_after,https://www.youtube.com/watch?v=TkvTWxc99og,2018-07-27,2023-10-12,done
tenyearsafter,60_nonAA_nonUS,i_woke_up_this_morning,cover,studio,1969,ssssh,https://www.youtube.com/watch?v=si6PUBe_n1Y,2020-02-08,2023-10-12,done
tenyearsafter,60_nonAA_nonUS,spoonful,cover,studio,1967,ten_years_after,https://www.youtube.com/watch?v=TGUUiyHyLpA,2018-07-26,2023-10-12,done
tenyearsafter,60_nonAA_nonUS,one_of_these_days,original,studio,1971,a_space_in_time,https://www.youtube.com/watch?v=k_xSw6LlcUi,2020-02-06,2023-10-12,done
tenyearsafter,60_nonAA_nonUS,rock_your_mama,original,studio,1967,ten_years_after,https://www.youtube.com/watch?v=mz1HUZp2kgU,2018-07-27,2023-10-12,done
tenyearsafter,60_nonAA_nonUS,spider_in_my_web,original,studio,1967,ten_years_after,https://www.youtube.com/watch?v=b3xJGXDXvxo,2018-07-26,2023-10-12,done
allmanbrothers,60_nonAA_US,hoochie_coochie_man,cover,live,1970,live_at_the_atlanta_international_pop_festival,https://www.youtube.com/watch?v=h3eir5V2xvY,2020-10-22,2023-06-23,done
allmanbrothers,60_nonAA_US,statesboro_blues,cover,live,1971,live_at_the_fillmore_east,https://www.youtube.com/watch?v=UovEQyL-csA,2018-08-31,2023-06-23,done
allmanbrothers,60_nonAA_US,trouble_no_more,cover,live,1971,live_at_the_fillmore_east,https://www.youtube.com/watch?v=O86YPX21jEk,2018-11-01,2023-06-23,done
allmanbrothers,60_nonAA_US,dont_keep_me_wondering,original,live,1971,live_at_the_fillmore_east,https://www.youtube.com/watch?v=yrmWfaFvJXA,2018-12-06,2023-06-23,done
allmanbrothers,60_nonAA_US,every_hungry_woman,original,live,1970,live_at_the_atlanta_international_pop_festival,https://www.youtube.com/watch?v=ttnOdHYvRd8,2020-10-22,2023-06-23,done
allmanbrothers,60_nonAA_US,whipping_post,original,live,1971,live_at_the_fillmore_east,https://www.youtube.com/watch?v=gZRdZhfhqhw,2018-08-31,2023-06-23,done
allmanbrothers,60_nonAA_US,hoochie_coochie_man,cover,studio,1970,idlewild_south,https://www.youtube.com/watch?v=3i7Hh_mjkUU,2018-09-04,2023-06-23,done
allmanbrothers,60_nonAA_US,statesboro_blues,cover,studio,1970,idlewild_south,https://www.youtube.com/watch?v=w_KU2ZLhlYA,2018-08-31,2023-06-23,done
allmanbrothers,60_nonAA_US,trouble_no_more,cover,studio,1969,the_allman_brothers_band,https://www.youtube.com/watch?v=xtVaehHadmc,2018-08-31,2023-06-23,done
allmanbrothers,60_nonAA_US,dont_keep_me_wondering,original,studio,1970,idlewild_south,https://www.youtube.com/watch?v=YoxxUmlymVU,2018-08-31,2023-06-23,done
allmanbrothers,60_nonAA_US,every_hungry_woman,original,studio,1969,the_allman_brothers_band,https://www.youtube.com/watch?v=5XK2DDoAWTc,2018-10-30,2023-06-23,done
allmanbrothers,60_nonAA_US,whipping_post,original,studio,1969,the_allman_brothers_band,https://www.youtube.com/watch?v=KnoGi4DR-vi,2018-06-26,2023-06-23,done
cannedheat,60_nonAA_US,bring_it_on_home,cover,live,1969,live_at_the_ark,https://www.youtube.com/watch?v=iMdir2Ln9Vg,2021-05-10,2023-03-14,done
cannedheat,60_nonAA_US,catfish_blues,cover,live,1969,live_at_the_ark,https://www.youtube.com/watch?v=iMdir2Ln9Vg,2021-05-10,2023-03-14,done
cannedheat,60_nonAA_US,going_up_to_the_country,cover,live,1969,live_at_woodstock,https://www.youtube.com/watch?v=RKsgXHuZaaY,2015-11-14,2023-03-14,done
cannedheat,60_nonAA_US,future_blues,original,live,1970,live_at_beat_club,https://www.youtube.com/watch?v=qjfP-C8nzyg,2019-01-03,2023-06-22,done
cannedheat,60_nonAA_US,im_her_man,original,live,1969,live_at_woodstock,https://www.youtube.com/watch?v=RKsgXHuZaaY,2015-11-14,2023-03-14,done
cannedheat,60_nonAA_US,move_on_down_the_road,original,live,1970,move_on_down_the_road,https://www.youtube.com/watch?v=K3-lGSo7JyM,2020-07-21,2023-06-22,done
cannedheat,60_nonAA_US,bring_it_on_home,cover,studio,1967,the_boogie_house_tapes,https://www.youtube.com/watch?v=5Be2sfwwP80,2014-11-08,2023-06-22,done
cannedheat,60_nonAA_US,catfish_blues,cover,studio,1967,canned_heat,https://www.youtube.com/watch?v=eYLyvZfN5DE,2009-09-03,2023-06-22,done
cannedheat,60_nonAA_US,going_up_to_the_country,cover,studio,1969,living_the_blues,https://www.youtube.com/watch?v=4eQMA_noRYQ,2017-03-02,2023-06-22,done
cannedheat,60_nonAA_US,future_blues,original,studio,1970,future_blues,https://www.youtube.com/watch?v=wRi_l3Zj5uo,2017-03-02,2023-06-22,done
cannedheat,60_nonAA_US,im_her_man,original,studio,1969,hallelujah,https://www.youtube.com/watch?v=4C_wnZSDYTA,2019-07-03,2023-06-22,done
cannedheat,60_nonAA_US,move_on_down_the_road,original,studio,1970,move_on_down_the_road,https://www.youtube.com/watch?v=ijKUBrRRh0Q,2014-11-09,2023-06-22,done
janisjoplin,60_nonAA_US,down_on_me,cover,live,1968,live_at_the_winterland_ballroom,https://www.youtube.com/watch?v=oJiw6s1ysX0,2017-01-26,2023-06-28,done
janisjoplin,60_nonAA_US,piece_of_my_heart,cover,live,1968,live_at_the_winterland_ballroom,https://www.youtube.com/watch?v=0QfHuz-5xj4,2017-01-26,2023-06-28,done
janisjoplin,60_nonAA_US,summertime,cover,live,1968,live_at_the_winterland_ballroom,https://www.youtube.com/watch?v=N9E6wwpekyk,2017-01-26,2023-06-28,done
janisjoplin,60_nonAA_US,i_need_a_man_to_love,original,live,1968,live_at_the_winterland_ballroom,https://www.youtube.com/watch?v=a3uW-kOj3Vc,2017-01-26,2023-06-23,done
janisjoplin,60_nonAA_US,kozmic_blues,original,live,1969,live_at_woodstock,https://www.youtube.com/watch?v=NVC1y-51exc,2017-06-22,2023-06-28,done
janisjoplin,60_nonAA_US,women_is_losers,original,live,1966,live_at_the_avalon_ballroom,https://www.youtube.com/watch?v=B-NP6a6R250,2016-02-21,2023-09-05,done
janisjoplin,60_nonAA_US,down_on_me,cover,studio,1967,big_brother_and_the_holding_company,https://www.youtube.com/watch?v=bijagAAi-ZM,2017-02-19,2023-06-28,done
janisjoplin,60_nonAA_US,piece_of_my_heart,cover,studio,1968,cheap_thrills,https://www.youtube.com/watch?v=SCngPse1iii,2018-04-18,2023-06-28,done
janisjoplin,60_nonAA_US,summertime,cover,studio,1968,cheap_thrills,https://www.youtube.com/watch?v=A24JZkgvNv4,2013-01-09,2023-06-28,done
janisjoplin,60_nonAA_US,i_need_a_man_to_love,original,studio,1968,cheap_thrills,https://www.youtube.com/watch?v=QLO2YvOYRF0,2018-11-28,2023-06-23,done
janisjoplin,60_nonAA_US,kozmic_blues,original,studio,1969,i_got_dem_ol_blues_again_mama,https://www.youtube.com/watch?v=vuoE95Dme8k,2022-03-24,2023-06-28,done
janisjoplin,60_nonAA_US,women_is_losers,original,studio,1967,big_brother_and_the_holding_company,https://www.youtube.com/watch?v=b5q6-_K4KBA,2013-09-27,2023-09-05,done
paulbutterfield,60_nonAA_US,born_under_a_bad_sign,cover,live,1969,live_in_white_lake,https://www.youtube.com/watch?v=_dpGKvRrHy4,2017-02-17,2023-06-22,done
paulbutterfield,60_nonAA_US,driftin_and_driftin,cover,live,1969,live_in_white_lake,https://www.youtube.com/watch?v=Fi_Bxd7aAiY,2017-02-11,2023-06-22,done
paulbutterfield,60_nonAA_US,look_over_yonders_wall,cover,live,1967,live_at_monterey,https://www.youtube.com/watch?v=5Zo_ZAyYWRg,2011-08-24,2023-06-22,done
paulbutterfield,60_nonAA_US,all_in_a_day,original,live,1969,live_in_white_lake,https://www.youtube.com/watch?v=9X4tfDd-TW0,2017-02-13,2023-06-22,done
paulbutterfield,60_nonAA_US,born_in_chicago,original,live,1965,live_at_newport,https://www.youtube.com/watch?v=v9FFfFFkq00,2018-04-16,2023-06-22,done
paulbutterfield,60_nonAA_US,no_amount_of_loving,original,live,1969,live_in_white_lake,https://www.youtube.com/watch?v=aiYygDT8U2U,2017-02-13,2023-06-22,done
paulbutterfield,60_nonAA_US,born_under_a_bad_sign,cover,studio,1967,the_resurrection_of_pigboy_crabshaw,https://www.youtube.com/watch?v=O0N20zJA41s,2017-01-23,2023-06-22,done
paulbutterfield,60_nonAA_US,driftin_and_driftin,cover,studio,1967,the_resurrection_of_pigboy_crabshaw,https://www.youtube.com/watch?v=BtgpDdKP3fA,2017-01-23,2023-06-22,done
paulbutterfield,60_nonAA_US,look_over_yonders_wall,cover,studio,1965,the_paul_butterfield_blues_band,https://www.youtube.com/watch?v=628eSyGjYKE,2015-10-30,2023-06-22,done
paulbutterfield,60_nonAA_US,all_in_a_day,original,studio,1969,keep_on_moving,https://www.youtube.com/watch?v=WV4BAVMiME4,2015-11-11,2023-06-22,done
paulbutterfield,60_nonAA_US,born_in_chicago,original,studio,1965,the_paul_butterfield_blues_band,https://www.youtube.com/watch?v=DZ5tbyW6NKM,2015-10-30,2023-06-22,done
paulbutterfield,60_nonAA_US,no_amount_of_loving,original,studio,1969,keep_on_moving,https://www.youtube.com/watch?v=CCiw-Nw-9PU,2015-11-11,2023-06-22,done
stevemiller,60_nonAA_US,fanny_mae,cover,live,1968,live_at_the_carousel_ballroom,https://www.youtube.com/watch?v=ZPBC_nEaeD0,2022-05-28,2023-06-23,done
stevemiller,60_nonAA_US,key_to_the_highway,cover,live,1968,live_at_the_carousel_ballroom,https://www.youtube.com/watch?v=ZPBC_nEaeD0,2022-05-28,2023-06-23,done
stevemiller,60_nonAA_US,mercury_blues,cover,live,1967,live_at_monterey,https://www.youtube.com/watch?v=u536Y0bPu8A,2012-06-15,2023-06-23,done
stevemiller,60_nonAA_US,going_to_mexico,original,live,1967,live_at_the_70s_matrix,https://www.youtube.com/watch?v=OPgFylMi4ow,2020-04-22,2023-06-23,done
stevemiller,60_nonAA_US,junior_saw_it_happen,original,live,1968,live_at_the_carousel_ballroom,https://www.youtube.com/watch?v=ZPBC_nEaeD0,2022-05-28,2023-06-23,done
stevemiller,60_nonAA_US,steppin_stone,original,live,1968,live_at_the_carousel_ballroom,https://www.youtube.com/watch?v=ZPBC_nEaeD0,2022-05-28,2023-06-23,done
stevemiller,60_nonAA_US,fanny_mae,cover,studio,1968,children_of_the_future,https://www.youtube.com/watch?v=NsXntdGtrA0,2018-07-28,2023-06-23,done
stevemiller,60_nonAA_US,key_to_the_highway,cover,studio,1968,children_of_the_future,https://www.youtube.com/watch?v=41Y3iGO3MpE,2018-07-28,2023-06-23,done
stevemiller,60_nonAA_US,mercury_blues,cover,studio,1976,fly_like_an_eagle,https://www.youtube.com/watch?v=A9e7R_k5Gn4,2018-07-28,2023-06-23,done
stevemiller,60_nonAA_US,going_to_mexico,original,studio,1970,number_5,https://www.youtube.com/watch?v=b8lXnWEU71o,2013-02-24,2023-06-23,done
stevemiller,60_nonAA_US,junior_saw_it_happen,original,studio,1968,children_of_the_future,https://www.youtube.com/watch?v=vmkUaskSjaQ,2018-07-28,2023-06-23,done
stevemiller,60_nonAA_US,steppin_stone,original,studio,1968,children_of_the_future,https://www.youtube.com/watch?v=rtX89g1beUg,2018-07-28,2023-06-23,done
albertcollins,80_AA,a_good_fool_is_hard_to_find,cover,live,1987,live_at_letterman,https://www.youtube.com/watch?v=jWsM3BkXZXM,2021-02-17,2023-10-24,
albertcollins,80_AA,i_aint_drunk,cover,live,1992,live_92_93,https://www.youtube.com/watch?v=OVlnzg8eaFi,2017-02-09,2023-10-24,
albertcollins,80_AA,snatchin_it_back,cover,live,1979,live_at_montreux,https://www.youtube.com/watch?v=jRY7ALEyqio,2023-07-24,2023-10-24,
albertcollins,80_AA,if_trouble_was_money,original,live,1985,live_at_carnegie_hall,https://www.youtube.com/watch?v=ZpoPXpet-Eg,2016-06-20,2023-10-24,
albertcollins,80_AA,master_charge,original,live,1985,live_at_carnegie_hall,https://www.youtube.com/watch?v=ad1naY-Qah4,2011-01-30,2023-10-24,
albertcollins,80_AA,too_many,original,live,1992,live_at_montreux,https://www.youtube.com/watch?v=PBojdQwHVB4,2011-12-23,2023-10-24,
albertcollins,80_AA,a_good_fool_is_hard_to_find,cover,studio,1986,cold_snap,https://www.youtube.com/watch?v=mlai6GVplxo,2023-05-02,2023-10-24,done
albertcollins,80_AA,i_aint_drunk,cover,studio,1986,cold_snap,https://www.youtube.com/watch?v=NpM-J39Js88,2023-05-02,2023-10-24,done
albertcollins,80_AA,snatchin_it_back,cover,studio,1986,cold_snap,https://www.youtube.com/watch?v=DVCFCYhdA38,2023-05-02,2023-10-24,done
albertcollins,80_AA,if_trouble_was_money,original,studio,1993,collins_mix,https://www.youtube.com/watch?v=JLoCW3UAi6Y,2017-01-20,2023-10-24,done
albertcollins,80_AA,master_charge,original,studio,1978,ice_pickin,https://www.youtube.com/watch?v=_BQhkLpeko0,2022-04-03,2023-10-24,done
albertcollins,80_AA,too_many,original,studio,1986,cold_snap,https://www.youtube.com/watch?v=iFWLj-iE0Yw,2023-05-02,2023-10-24,done
johnleehooker,80_AA,crawlin_kingsnake,cover,live,1990,live_at_montreux,https://www.youtube.com/watch?v=PRm54WNNnmQ,2020-11-05,2023-10-31,
johnleehooker,80_AA,i_didnt_know,cover,live,1983,live_at_montreux,https://www.youtube.com/watch?v=NXk0lVZOfnY,2020-10-09,2023-10-31,
johnleehooker,80_AA,it_serves_me_right,cover,live,1983,live_at_montreux,https://www.youtube.com/watch?v=RepJunqZaoU,2020-10-09,2023-10-31,
johnleehooker,80_AA,boogie_chillen,original,live,1983,live_at_montreux,https://www.youtube.com/watch?v=b1XLHn7AER8,2018-07-13,2023-10-31,
johnleehooker,80_AA,boom_boom,original,live,1990,live_at_montreux,https://www.youtube.com/watch?v=Y0MvXzA2f0i,2020-11-05,2023-10-31,
johnleehooker,80_AA,little_girl,original,live,1983,live_at_montreux,https://www.youtube.com/watch?v=ObZn_DYDuN8,2020-12-07,2023-10-31,
johnleehooker,80_AA,crawlin_kingsnake,cover,studio,1973,whiskey_&_wimmen,https://www.youtube.com/watch?v=nN1iPBK5mro,2017-03-31,2023-10-31,done
johnleehooker,80_AA,i_didnt_know,cover,studio,1986,jealous,https://www.youtube.com/watch?v=eSYVxrxPmeM,2018-07-30,2023-10-31,done
johnleehooker,80_AA,it_serves_me_right,cover,studio,1974,in_person,https://www.youtube.com/watch?v=YWU0rVcEMA0,2018-07-30,2023-10-31,done
johnleehooker,80_AA,boogie_chillen,original,studio,1973,whiskey_&_wimmen,https://www.youtube.com/watch?v=qAJYPJ5Q5Xs,2017-03-31,2023-10-31,done
johnleehooker,80_AA,boom_boom,original,studio,1992,boom_boom,https://www.youtube.com/watch?v=iwt15iwwTdw,2009-08-21,2023-10-31,done
johnleehooker,80_AA,little_girl,original,studio,1978,the_cream,https://www.youtube.com/watch?v=GC_ECq1rySQ,2017-06-24,2023-11-07,done
kokotaylor,80_AA,id_rather_go_blind,cover,live,1985,live_in_chicago,https://www.youtube.com/watch?v=BSXhDcv136o,2023-06-14,2023-10-31,
kokotaylor,80_AA,let_the_good_times_roll,cover,live,1985,live_in_chicago,https://www.youtube.com/watch?v=uuSnih2sikQ,2023-06-14,2023-10-31,
kokotaylor,80_AA,wang_dang_doodle,cover,live,1985,live_in_chicago,https://www.youtube.com/watch?v=JAeqwoGkFbU,2023-06-14,2023-10-31,
kokotaylor,80_AA,come_to_mama,original,live,1985,live_in_chicago,https://www.youtube.com/watch?v=6tVzxAGZSW0,2023-06-14,2023-10-31,
kokotaylor,80_AA,im_a_woman,original,live,1985,live_in_chicago,https://www.youtube.com/watch?v=TYQSC5qN2oA,2023-06-14,2023-10-31,
kokotaylor,80_AA,jump_for_joy,original,live,1990,live_on_cbs,https://www.youtube.com/watch?v=CMsCRRiAL5A,2021-02-12,2023-10-31,
kokotaylor,80_AA,id_rather_go_blind,cover,studio,1981,from_the_heart_of_a_woman,https://www.youtube.com/watch?v=di9lCpVQ0fY,2023-05-02,2023-10-31,done
kokotaylor,80_AA,let_the_good_times_roll,cover,studio,1978,the_earthshaker,https://www.youtube.com/watch?v=juk3wBEdr5E,2015-05-13,2023-10-31,done
kokotaylor,80_AA,wang_dang_doodle,cover,studio,1978,the_earthshaker,https://www.youtube.com/watch?v=z39mLQDcU78,2023-05-02,2023-10-31,done
kokotaylor,80_AA,come_to_mama,original,studio,1985,queen_of_the_blues,https://www.youtube.com/watch?v=48JnwvXm5U8,2023-05-02,2023-10-31,done
kokotaylor,80_AA,im_a_woman,original,studio,1978,the_earthshaker,https://www.youtube.com/watch?v=w_fygyQiHoA,2009-01-20,2023-10-31,done
kokotaylor,80_AA,jump_for_joy,original,studio,1990,jump_for_joy,https://www.youtube.com/watch?v=BsVi7Rhjgao,2012-03-08,2023-10-31,done
lutherallison,80_AA,freedom,cover,live,1987,lets_try_it_again,https://www.youtube.com/watch?v=zhf1K_2dM28,2015-02-21,2023-10-31,
lutherallison,80_AA,little_red_rooster,cover,live,1976,live_in_montreux,https://www.youtube.com/watch?v=cG4CrtQDqKU,2021-09-24,2023-10-31,
lutherallison,80_AA,sweet_home_chicago,cover,live,1976,live_in_montreux,https://www.youtube.com/watch?v=PP0D0QfEAMU,2014-11-06,2023-10-31,
lutherallison,80_AA,fight,original,live,1987,lets_try_it_again,https://www.youtube.com/watch?v=kRHkD4QwbFw,2015-02-21,2023-10-31,
lutherallison,80_AA,lets_try_it_again,original,live,1987,lets_try_it_again,https://www.youtube.com/watch?v=Qo8VS8fSxZM,2015-02-21,2023-10-31,
lutherallison,80_AA,walking_papers,original,live,1995,live_in_chicago,https://www.youtube.com/watch?v=7L6QCFsCr-4,2014-11-08,2023-10-31,
lutherallison,80_AA,freedom,cover,studio,1987,rich_man,https://www.youtube.com/watch?v=w3cx248zKJU,2015-02-21,2023-10-31,done
lutherallison,80_AA,little_red_rooster,cover,studio,1972,the_motown_years,https://www.youtube.com/watch?v=3EHRtp2cm5i,2018-12-13,2023-10-31,done
lutherallison,80_AA,sweet_home_chicago,cover,studio,1972,bad_news_is_coming,https://www.youtube.com/watch?v=H5FkflixpOU,2016-07-06,2023-10-31,done
lutherallison,80_AA,fight,original,studio,1987,rich_man,https://www.youtube.com/watch?v=eNce4wTTCvU,2019-09-10,2023-10-31,done
lutherallison,80_AA,lets_try_it_again,original,studio,1987,serious,https://www.youtube.com/watch?v=YlctHhLojoQ,2015-05-21,2023-10-31,done
lutherallison,80_AA,walking_papers,original,studio,1995,blue_streak,https://www.youtube.com/watch?v=-Zt279ert5g,2021-01-10,2023-10-31,done
robertcray,80_AA,don’t_be_afraid_of_the_dark,cover,live,1989,live_in_london,https://www.youtube.com/watch?v=Gz7rdyHaRMi,2016-06-06,2023-10-31,
robertcray,80_AA,dont_touch_me,cover,live,1987,live_outdoor_concert_austin_texas,https://www.youtube.com/watch?v=q-n6WEVEdJs,2018-07-30,2023-10-31,
robertcray,80_AA,too_many_cooks,cover,live,1987,live_at_the_tower_theater_philadelphia,https://www.youtube.com/watch?v=BM5NmZj6qks,2018-04-19,2023-10-31,
robertcray,80_AA,phone_booth,original,live,1987,live_at_the_tower_theater_philadelphia,https://www.youtube.com/watch?v=Ai0wBAwjaj8,2018-04-19,2023-10-31,
robertcray,80_AA,playin_in_the_dirt,original,live,1987,live_at_the_tower_theater_philadelphia,https://www.youtube.com/watch?v=e7Rs-tFSmVA,2018-04-19,2023-10-31,
robertcray,80_AA,smoking_gun,original,live,1987,live_at_the_tower_theater_philadelphia,https://www.youtube.com/watch?v=0lhsToYY3Wo,2018-04-19,2023-10-31,
robertcray,80_AA,dont_be_afraid_of_the_dark,cover,studio,1988,dont_be_afraid_of_the_dark,https://www.youtube.com/watch?v=Ra2Qndv_xeE,2013-02-17,2023-10-31,done
robertcray,80_AA,dont_touch_me,cover,studio,1983,bad_influence,https://www.youtube.com/watch?v=-qET_FRK6Uw,2012-11-26,2023-10-31,done
robertcray,80_AA,too_many_cooks,cover,studio,1980,whos_been_talkin,https://www.youtube.com/watch?v=EhAqviW9O6o,2011-12-07,2023-10-31,done
robertcray,80_AA,phone_booth,original,studio,1983,bad_influence,https://www.youtube.com/watch?v=HMdGqfrT7Ro,2015-07-02,2023-10-31,done
robertcray,80_AA,playin_in_the_dirt,original,studio,1985,false_accusations,https://www.youtube.com/watch?v=osWBhH7tR6E,2011-02-19,2023-10-31,done
robertcray,80_AA,smoking_gun,original,studio,1986,strong_persuader,https://www.youtube.com/watch?v=VVB6jDaCxGi,2010-03-03,2023-10-31,done
ericclapton,80_nonAA_nonUS,before_you_accuse_me,cover,live,1990,live_at_knebworth,https://www.youtube.com/watch?v=RDv8Zl9tcL0,2012-11-25,2023-11-28,
ericclapton,80_nonAA_nonUS,crosscut_saw,cover,live,1983,live_in_seattle,https://www.youtube.com/watch?v=WY66YXouiB4,2021-12-30,2023-11-28,
ericclapton,80_nonAA_nonUS,hard_times,cover,live,1990,24_nights,https://www.youtube.com/watch?v=RlJEyCPy__4,2023-06-23,2023-11-28,
ericclapton,80_nonAA_nonUS,lay_down_sally,original,live,1980,just_one_night,https://www.youtube.com/watch?v=P1ui4mQZisc,2020-02-28,2023-11-28,
ericclapton,80_nonAA_nonUS,old_love,original,live,1990,24_nights,https://www.youtube.com/watch?v=CViuuanBMDQ,2023-06-23,2023-11-28,
ericclapton,80_nonAA_nonUS,the_shape_youre_in,original,live,1983,live_at_summerfestival,https://www.youtube.com/watch?v=C7vkMxw8PSo,2016-03-30,2023-11-28,
ericclapton,80_nonAA_nonUS,before_you_accuse_me,cover,studio,1989,journeyman,https://www.youtube.com/watch?v=416wa6CHs04,2022-09-29,2023-11-28,done
ericclapton,80_nonAA_nonUS,crosscut_saw,cover,studio,1983,money_and_cigarettes,https://www.youtube.com/watch?v=5uo8W-wTOBk,2022-11-29,2023-11-28,done
ericclapton,80_nonAA_nonUS,hard_times,cover,studio,1989,journeyman,https://www.youtube.com/watch?v=lHHTAcrrNE4,2022-09-29,2023-11-28,done
ericclapton,80_nonAA_nonUS,lay_down_sally,original,studio,1977,slowhand,https://www.youtube.com/watch?v=S7650eKb1w8,2009-06-03,2023-11-28,done
ericclapton,80_nonAA_nonUS,old_love,original,studio,1989,journeyman,https://www.youtube.com/watch?v=kjKbuwhiW6s,2022-09-29,2023-11-28,done
ericclapton,80_nonAA_nonUS,the_shape_youre_in,original,studio,1983,money_and_cigarettes,https://www.youtube.com/watch?v=z5jBQ24rrCg,2022-09-29,2023-11-28,done
jeffhealey,80_nonAA_nonUS,blue_jean_blues,cover,live,1989,live_in_london,https://www.youtube.com/watch?v=kGiSu1uB8Z0,2016-11-25,2023-11-28,
jeffhealey,80_nonAA_nonUS,road_house_blues,cover,live,1989,live_in_germany,https://www.youtube.com/watch?v=i1QSVy4CyiA,2018-07-06,2023-11-28,
jeffhealey,80_nonAA_nonUS,tore_down,cover,live,1989,live_in_london,https://www.youtube.com/watch?v=pkO79ZtxRGU,2016-11-25,2023-11-28,
jeffhealey,80_nonAA_nonUS,dont_let_your_chance_go_by,original,live,1989,live_in_toronto,https://www.youtube.com/watch?v=kyXDLVD7-sw,2021-02-09,2023-11-28,
jeffhealey,80_nonAA_nonUS,my_little_girl,original,live,1989,live_in_munich,https://www.youtube.com/watch?v=Jic4SYMAeiU,2014-12-04,2023-11-28,
jeffhealey,80_nonAA_nonUS,river_of_no_return,original,live,1989,live_in_germany,https://www.youtube.com/watch?v=Ds1u5nCSUkA,2018-06-06,2023-11-28,
jeffhealey,80_nonAA_nonUS,blue_jean_blues,cover,studio,1988,see_the_light,https://www.youtube.com/watch?v=vHOSH25-k8w,2017-01-25,2023-11-28,done
jeffhealey,80_nonAA_nonUS,road_house_blues,cover,studio,1989,road_house,https://www.youtube.com/watch?v=cO-2mL_caug,2018-11-12,2023-11-28,done
jeffhealey,80_nonAA_nonUS,tore_down,cover,studio,1989,road_house,https://www.youtube.com/watch?v=iEnklJUHN5Y,2017-04-09,2023-11-28,done
jeffhealey,80_nonAA_nonUS,dont_let_your_chance_go_by,original,studio,1988,see_the_light,https://www.youtube.com/watch?v=aoUiiyLvRuA,2017-01-25,2023-11-28,done
jeffhealey,80_nonAA_nonUS,my_little_girl,original,studio,1988,see_the_light,https://www.youtube.com/watch?v=7bi1ugGi1a8,2017-01-25,2023-11-28,done
jeffhealey,80_nonAA_nonUS,river_of_no_return,original,studio,1988,see_the_light,https://www.youtube.com/watch?v=9bwuviAo1JU,2017-01-25,2023-11-28,done
johnmayall,80_nonAA_nonUS,mama_talk_to_your_daughter,cover,live,1981,road_show_blues,https://www.youtube.com/watch?v=Pbbzvpro8TA,2020-02-14,2023-11-28,
johnmayall,80_nonAA_nonUS,tears_came_rolling_down,cover,live,1988,the_power_of_the_blues,https://www.youtube.com/watch?v=2Gil7mtPCmY,2015-02-02,2023-11-28,
johnmayall,80_nonAA_nonUS,the_last_time,cover,live,1988,the_power_of_the_blues,https://www.youtube.com/watch?v=XO7L2zzHbKE,2015-02-02,2023-11-28,
johnmayall,80_nonAA_nonUS,a_big_man,original,live,1981,road_show_blues,https://www.youtube.com/watch?v=UJn2UpmCduE,2020-02-14,2023-11-28,
johnmayall,80_nonAA_nonUS,john_lee_boogie,original,live,1980,live_at_huntingdon_beach,https://www.youtube.com/watch?v=Gh2s1irf9Cs,2020-03-05,2023-11-28,
johnmayall,80_nonAA_nonUS,road_show,original,live,1981,road_show_blues,https://www.youtube.com/watch?v=2VfXnl-_ACQ,2020-02-14,2023-11-28,
johnmayall,80_nonAA_nonUS,mama_talk_to_your_daughter,cover,studio,1980,road_show_blues,https://www.youtube.com/watch?v=Tk7CUZiRdpY,2022-02-02,2023-11-28,done
johnmayall,80_nonAA_nonUS,tears_came_rolling_down,cover,studio,1988,chicago_line,https://www.youtube.com/watch?v=YH1vK0AwNxA,2018-07-30,2023-11-28,done
johnmayall,80_nonAA_nonUS,the_last_time,cover,studio,1988,chicago_line,https://www.youtube.com/watch?v=91AVNL-mhnU,2018-07-30,2023-11-28,done
johnmayall,80_nonAA_nonUS,a_big_man,original,studio,1980,road_show_blues,https://www.youtube.com/watch?v=WnGq7QJSwys,2020-02-14,2023-11-28,done
johnmayall,80_nonAA_nonUS,john_lee_boogie,original,studio,1980,road_show_blues,https://www.youtube.com/watch?v=QYTRKqs8hYA,2020-02-14,2023-11-28,done
johnmayall,80_nonAA_nonUS,road_show,original,studio,1980,road_show_blues,https://www.youtube.com/watch?v=ofw_TY6ujO4,2020-02-14,2023-11-28,done
rorygallagher,80_nonAA_nonUS,all_around_man,cover,live,1976,live_on_old_grey_whistle_test_special,https://www.youtube.com/watch?v=3jrUKo3yZ_8,2019-06-20,2023-11-28,
rorygallagher,80_nonAA_nonUS,dont_start_me_talking,cover,live,1987,live_at_the_cork_opera_house,https://www.youtube.com/watch?v=16vWew2FnjQ,2021-06-20,2023-11-28,
rorygallagher,80_nonAA_nonUS,tore_down,cover,live,1979,live_at_montreux,https://www.youtube.com/watch?v=LkQEQ1QaPWc,2018-07-30,2023-11-28,
rorygallagher,80_nonAA_nonUS,bought_and_sold,original,live,1977,live_at_montreux,https://www.youtube.com/watch?v=YqtfY1r2qNQ,2020-08-02,2023-11-28,
rorygallagher,80_nonAA_nonUS,keychain,original,live,1980,stage_struck,https://www.youtube.com/watch?v=TzJW_xQ9iRY,2018-03-15,2023-11-28,
rorygallagher,80_nonAA_nonUS,off_the_handle,original,live,1977,live_at_montreux,https://www.youtube.com/watch?v=8o1fSXKMW5s,2018-07-30,2023-11-28,
rorygallagher,80_nonAA_nonUS,all_around_man,cover,studio,1975,against_the_grain,https://www.youtube.com/watch?v=HDeSZsWr4EM,2018-03-15,2023-11-28,done
rorygallagher,80_nonAA_nonUS,dont_start_me_talking,cover,studio,1987,defender,https://www.youtube.com/watch?v=wc1oymyVLti,2018-03-15,2023-11-28,done
rorygallagher,80_nonAA_nonUS,tore_down,cover,studio,1973,blueprint_session,https://www.youtube.com/watch?v=Ey46ZN-P08o,2019-06-27,2023-11-28,done
rorygallagher,80_nonAA_nonUS,bought_and_sold,original,studio,1975,against_the_grain,https://www.youtube.com/watch?v=evvPuZwabwY,2018-03-15,2023-11-28,done
rorygallagher,80_nonAA_nonUS,keychain,original,studio,1979,top_priority,https://www.youtube.com/watch?v=Sz9l6iEWFYg,2018-03-15,2023-11-28,done
rorygallagher,80_nonAA_nonUS,off_the_handle,original,studio,1979,top_priority,https://www.youtube.com/watch?v=EYy6ZwoA7L4,2018-03-15,2023-11-28,done
thebluesband,80_nonAA_nonUS,diddy_wah_diddy,cover,live,1980,live_at_keele_university,https://www.youtube.com/watch?v=048oP_v_VAs,2015-02-21,2023-11-28,
thebluesband,80_nonAA_nonUS,talk_to_me_baby,cover,live,1980,live_at_keele_university,https://www.youtube.com/watch?v=a0CQBOr4-sE,2015-02-24,2023-11-28,
thebluesband,80_nonAA_nonUS,twenty_nine_ways,cover,live,1989,live_at_anti_waa_festival,https://www.youtube.com/watch?v=Sb6NtiO8q1w,2022-07-15,2023-11-28,
thebluesband,80_nonAA_nonUS,come_on_in,original,live,1980,live_at_rockaplast,https://www.youtube.com/watch?v=P1dK2yXfQ74,2012-05-21,2023-11-28,
thebluesband,80_nonAA_nonUS,find_yourself_another_fool,original,live,1980,live_on_tv,https://www.youtube.com/watch?v=moBJnDAD3ZM,2022-02-06,2023-11-28,
thebluesband,80_nonAA_nonUS,green_stuff,original,live,1989,live_at_anti_waa_festival,https://www.youtube.com/watch?v=oMX1YbEvZWA,2022-07-15,2023-11-28,
thebluesband,80_nonAA_nonUS,diddy_wah_diddy,cover,studio,1979,bootleg_album,https://www.youtube.com/watch?v=xtdiRuU-eKQ,2014-11-20,2023-11-28,done
thebluesband,80_nonAA_nonUS,talk_to_me_baby,cover,studio,1979,bootleg_album,https://www.youtube.com/watch?v=Khh1mEtkVwA,2014-11-20,2023-11-28,done
thebluesband,80_nonAA_nonUS,twenty_nine_ways,cover,studio,1980,ready,https://www.youtube.com/watch?v=SjGqaUnYdXY,2014-11-20,2023-11-28,done
thebluesband,80_nonAA_nonUS,come_on_in,original,studio,1979,bootleg_album,https://www.youtube.com/watch?v=7H5vv0dZ10A,2014-11-11,2023-11-28,done
thebluesband,80_nonAA_nonUS,find_yourself_another_fool,original,studio,1980,ready,https://www.youtube.com/watch?v=0oJvJkrJKR4,2009-04-04,2023-11-28,done
thebluesband,80_nonAA_nonUS,green_stuff,original,studio,1980,ready,https://www.youtube.com/watch?v=mWej9TozOv4,2014-11-20,2023-11-28,done
bonnieraitt,80_nonAA_US,green_lights,cover,live,1989,live_at_the_henry_j_kaiser_auditorium,https://www.youtube.com/watch?v=w3bB-qCAtBQ,2014-09-12,2023-11-21,
bonnieraitt,80_nonAA_US,love_me_like_a_man,cover,live,1989,live_at_the_henry_j_kaiser_auditorium,https://www.youtube.com/watch?v=jykteSQg--0,2014-09-12,2023-11-21,
bonnieraitt,80_nonAA_US,three_time_loser,cover,live,1989,live_at_the_henry_j_kaiser_auditorium,https://www.youtube.com/watch?v=z5Uj5Vtn_Kw,2014-09-12,2023-11-21,
bonnieraitt,80_nonAA_US,give_it_up_or_let_me_go,original,live,1989,live_at_the_henry_j_kaiser_auditorium,https://www.youtube.com/watch?v=mgAsqwl3o6k,2014-09-12,2023-11-21,
bonnieraitt,80_nonAA_US,love_letter,original,live,1989,live_at_the_henry_j_kaiser_auditorium,https://www.youtube.com/watch?v=R_cFTcqdti8,2014-09-12,2023-11-21,
bonnieraitt,80_nonAA_US,wilya_wontcha,original,live,1989,live_at_the_henry_j_kaiser_auditorium,https://www.youtube.com/watch?v=jlmHQ9Ea7sA,2014-09-12,2023-11-21,
bonnieraitt,80_nonAA_US,green_lights,cover,studio,1982,green_light,https://www.youtube.com/watch?v=bV8cueylGJo,2014-08-26,2023-11-21,done
bonnieraitt,80_nonAA_US,love_me_like_a_man,cover,studio,1972,give_it_up,https://www.youtube.com/watch?v=K7u0bBrLZsE,2014-11-08,2023-11-21,done
bonnieraitt,80_nonAA_US,three_time_loser,cover,studio,1977,sweet_forgiveness,https://www.youtube.com/watch?v=Z21q5_kycN0,2014-11-09,2023-11-21,done
bonnieraitt,80_nonAA_US,give_it_up_or_let_me_go,original,studio,1972,give_it_up,https://www.youtube.com/watch?v=jomnOpb-KFk,2014-11-08,2023-11-21,done
bonnieraitt,80_nonAA_US,love_letter,original,studio,1989,nick_of_time,https://www.youtube.com/watch?v=ovvusnLTs0o,2009-07-16,2023-11-21,done
bonnieraitt,80_nonAA_US,willya_wontcha,original,studio,1982,green_light,https://www.youtube.com/watch?v=24orAa2874U,2014-08-26,2023-11-21,done
fabulousthunderbirds,80_nonAA_US,marked_deck,cover,live,1979,live_in_washington,https://www.youtube.com/watch?v=EahRQ9okUjo,2023-06-20,2023-11-23,
fabulousthunderbirds,80_nonAA_US,shes_tuff,cover,live,1979,live_in_washington,https://www.youtube.com/watch?v=15k7JUw73n4,2023-06-20,2023-11-23,
fabulousthunderbirds,80_nonAA_US,wrap_it_up,cover,live,1989,taste_of_chicago,https://www.youtube.com/watch?v=dgK9V3Pz4r4,2020-11-14,2023-11-23,
fabulousthunderbirds,80_nonAA_US,rock_with_me,original,live,1989,taste_of_chicago,https://www.youtube.com/watch?v=ixotEYlpKWQ,2020-11-14,2023-11-23,
fabulousthunderbirds,80_nonAA_US,tuff_enough,original,live,1989,taste_of_chicago,https://www.youtube.com/watch?v=awVMHkz13fQ,2020-11-14,2023-11-23,
fabulousthunderbirds,80_nonAA_US,walkin_to_my_baby,original,live,1979,live_in_washington,https://www.youtube.com/watch?v=i9zUuGV97Bi,2023-06-20,2023-11-23,
fabulousthunderbirds,80_nonAA_US,marked_deck,cover,studio,1979,the_fabulous_thunderbirds,https://www.youtube.com/watch?v=TyUYOxftXi4,2014-11-08,2023-11-23,done
fabulousthunderbirds,80_nonAA_US,shes_tuff,cover,studio,1979,the_fabulous_thunderbirds,https://www.youtube.com/watch?v=ywzPSNHqCTM,2014-11-09,2023-11-23,done
fabulousthunderbirds,80_nonAA_US,wrap_it_up,cover,studio,1986,tuff_enuff,https://www.youtube.com/watch?v=HRp2OvrDfHE,2015-09-01,2023-11-23,done
fabulousthunderbirds,80_nonAA_US,rock_with_me,original,studio,1979,the_fabulous_thunderbirds,https://www.youtube.com/watch?v=GiD5Rxfy_XA,2014-11-08,2023-11-23,done
fabulousthunderbirds,80_nonAA_US,tuff_enough,original,studio,1986,tuff_enuff,https://www.youtube.com/watch?v=nEDK52Q0AgA,2015-09-01,2023-11-23,done
fabulousthunderbirds,80_nonAA_US,walkin_to_my_baby,original,studio,1979,the_fabulous_thunderbirds,https://www.youtube.com/watch?v=VgHOel5ysgE,2014-01-08,2023-11-23,done
jjcale,80_nonAA_US,borrowed_time,cover,live,1993,blowin_down_the_road,https://www.youtube.com/watch?v=6fQ8kGlMZHQ,2021-05-05,2023-11-23,
jjcale,80_nonAA_US,going_down,cover,live,1994,movin_on,https://www.youtube.com/watch?v=2hqiNiLFfBQ,2023-10-12,2023-11-23,
jjcale,80_nonAA_US,got_my_mojo_working,cover,live,1993,blowin_down_the_road,https://www.youtube.com/watch?v=i4kT3qffAHY,2021-05-05,2023-11-23,
jjcale,80_nonAA_US,after_midnight,original,live,1993,blowin_down_the_road,https://www.youtube.com/watch?v=1szyDptKk20,2021-05-05,2023-11-23,
jjcale,80_nonAA_US,call_me_the_breeze,original,live,1993,blowin_down_the_road,https://www.youtube.com/watch?v=XNlC84Bw_7A,2021-05-05,2023-11-23,
jjcale,80_nonAA_US,ride_me_high,original,live,1993,blowin_down_the_road,https://www.youtube.com/watch?v=c4L4ZYehVQi,2021-05-05,2023-11-23,
jjcale,80_nonAA_US,borrowed_time,cover,studio,1994,closer_to_you,https://www.youtube.com/watch?v=amqhPsYRx_c,2007-09-29,2023-11-23,done
jjcale,80_nonAA_US,going_down,cover,studio,1972,really,https://www.youtube.com/watch?v=tvbSbP_mp_c,2018-07-31,2023-11-23,done
jjcale,80_nonAA_US,got_my_mojo_working,cover,studio,1972,really,https://www.youtube.com/watch?v=3xKFDtDBZzU,2013-01-29,2023-11-23,done
jjcale,80_nonAA_US,after_midnight,original,studio,1972,naturally,https://www.youtube.com/watch?v=2x0JK8vhmcc,2018-07-31,2023-11-23,done
jjcale,80_nonAA_US,call_me_the_breeze,original,studio,1972,naturally,https://www.youtube.com/watch?v=m8-NEYx-evg,2018-07-31,2023-11-23,done
jjcale,80_nonAA_US,ride_me_high,original,studio,1976,troubadour,https://www.youtube.com/watch?v=-7XCminnffo,2018-07-31,2023-11-23,done
robbenford,80_nonAA_US,aint_got_nothing_but_the_blues,cover,live,1989,live_a_doc,https://www.youtube.com/watch?v=SOKmK7q2e_c,2014-09-13,2023-11-23,
robbenford,80_nonAA_US,born_under_a_bad_sign,cover,live,1990,live_at_the_bottom_line,https://www.youtube.com/watch?v=eBMC6BHSucY,2010-06-18,2023-11-23,
robbenford,80_nonAA_US,help_the_poor,cover,live,1990,live_at_sunfest,https://www.youtube.com/watch?v=tOj6qykQ5Wi,2014-01-05,2023-11-23,
robbenford,80_nonAA_US,getaway,original,live,1993,live_at_ohne_filter,https://www.youtube.com/watch?v=dtkMEVlil-U,2012-07-28,2023-11-23,
robbenford,80_nonAA_US,north_carolina,original,live,1979,live_at_john_anson_ford_theater,https://www.youtube.com/watch?v=cxuPTr7U5Mw,2011-07-11,2023-11-23,
robbenford,80_nonAA_US,start_it_up,original,live,1993,live_at_ohne_filter,https://www.youtube.com/watch?v=Fii0GF6K3yE,2008-08-18,2023-11-23,
robbenford,80_nonAA_US,aint_got_nothing_but_the_blues,cover,studio,1988,talk_to_your_daughter,https://www.youtube.com/watch?v=UihfHjR29aY,2017-01-23,2023-11-23,done
robbenford,80_nonAA_US,born_under_a_bad_sign,cover,studio,1988,talk_to_your_daughter,https://www.youtube.com/watch?v=ii3V4-tJAEU,2017-01-23,2023-11-23,done
robbenford,80_nonAA_US,help_the_poor,cover,studio,1988,talk_to_your_daughter,https://www.youtube.com/watch?v=XGzibVH-YCA,2011-04-22,2023-11-23,done
robbenford,80_nonAA_US,getaway,original,studio,1988,talk_to_your_daughter,https://www.youtube.com/watch?v=B__9yiudodk,2017-01-23,2023-11-23,done
robbenford,80_nonAA_US,north_carolina,original,studio,1979,the_inside_story,https://www.youtube.com/watch?v=tXGCiF34Z5o,2018-02-08,2023-11-23,done
robbenford,80_nonAA_US,start_it_up,original,studio,1992,robben_ford_and_the_blue_line,https://www.youtube.com/watch?v=aU57QwLibpE,2012-07-09,2023-11-23,done
stevierayvaughan,80_nonAA_US,mary_had_a_little_lamb,cover,live,1985,live_at_montreux,https://www.youtube.com/watch?v=H8gs60t2M3c,2014-06-04,2023-11-21,
stevierayvaughan,80_nonAA_US,texas_flood,cover,live,1982,live_at_montreux,https://www.youtube.com/watch?v=na-3l6DwEXQ,2014-03-18,2023-11-21,
stevierayvaughan,80_nonAA_US,tin_pan_alley,cover,live,1985,live_at_montreux,https://www.youtube.com/watch?v=1ExbrPHaq9Y,2014-06-06,2023-11-21,
stevierayvaughan,80_nonAA_US,aint_gone_n_give_up_on_love,original,live,1985,live_at_montreux,https://www.youtube.com/watch?v=JhJlrL8tARk,2014-03-31,2023-11-21,
stevierayvaughan,80_nonAA_US,dirty_pool,original,live,1982,live_at_montreux,https://www.youtube.com/watch?v=BYW4VlOGRUQ,2014-03-20,2023-11-21,
stevierayvaughan,80_nonAA_US,pride_and_joy,original,live,1982,live_at_montreux,https://www.youtube.com/watch?v=zPs5nyl_AZE,2014-03-14,2023-11-21,
stevierayvaughan,80_nonAA_US,mary_had_a_little_lamb,cover,studio,1983,texas_flood,https://www.youtube.com/watch?v=Fq-QUr5Wr3E,2023-04-18,2023-11-21,done
stevierayvaughan,80_nonAA_US,texas_flood,cover,studio,1983,texas_flood,https://www.youtube.com/watch?v=rklid5N3si8,2023-06-27,2023-11-21,done
stevierayvaughan,80_nonAA_US,tin_pan_alley,cover,studio,1984,couldn’t_stand_the_weather,https://www.youtube.com/watch?v=LNX4Bl4T1q0,2015-07-21,2023-11-21,done
stevierayvaughan,80_nonAA_US,aint_gone_n_give_up_on_love,original,studio,1985,soul_to_soul,https://www.youtube.com/watch?v=uZTBAzdrexQ,2017-02-18,2023-11-21,done
stevierayvaughan,80_nonAA_US,dirty_pool,original,studio,1983,texas_flood,https://www.youtube.com/watch?v=gSLZaEFs1Mw,2017-01-27,2023-11-21,done
stevierayvaughan,80_nonAA_US,pride_and_joy,original,studio,1983,texas_flood,https://www.youtube.com/watch?v=i3MTGhRC82s,2023-04-04,2023-11-21,done